Deutsches Wort;Bairisches Wort;Aussprache;Beispiel
ab und an;diam, manchmal;[abunzuà];
abbekommen;derwischen;[dàwischn];An Obermaier sei Deandl hod an Studierplatz dawischt!
Abendbrot;Brotzeit;[bro:zaid];
abends;auf die Nacht;[aufdnåchd];Kimmst heid auf d Nacht um sieme?
abfragen;ausfragen;[ausfrång];
abgeschlafft;haudig;[haudig];
abgucken;abschauen;[åbschaung];Los mi amoi obschaung!
abknabbern;abfieseln;[åbfi:sln];
abküssen;abbusseln;[å:bussln];
Ableger;Fechser;[fäxà];
abmagern;vom Bein/Fleisch fallen;[fomboà/flaischfåin];
abmühen;sich fretten;[freddn];Mit dia muas I mi sauber frettn!
abpflücken;abbrocken;[åbroggà];
abschließen;zusperren;[zuàschbà:rn];
abschüttel n;abbeuteln;[åbaiddln];
absichtlich;mit Fleiß;[mi:dflais];Des host mit Fleiß do!
absterben;eingehen;[äige:];
abwaschen;abspülen;[åbschbiàn];
Acht, die;Achter, der;[achdà];
achtgeben;Obacht geben, aufpassen;[owachdge:m,aufbàssn];Du guad Obacht gebn, wennst über d Strass gehts!
Achtung;Obacht;[owachd];
Acker;Feld;[fäid];
adrett;fesch, sauber;[fäsch, sauwà];De oid Huaberin is heid fesch beinand!
Ahle;Pfriem;[bfri:m];
Akkordeon;Wanzenpresse;[wanzznbress];
Albdruck;Drud;[dru:d];
alle;allesamt;[åisammd];
alles;oiss;[åiss];
Alltag;Werktag;[Weàdà];
Alltagskleidung;Werktaggewand;[Weàdàgwand];I geh doch ned mim Wertagwand in d Kirch!
Altenteil;Austrag;[ausdråg];
Altenruhesitz;Austragshäusl;[ausdrågshaisl];
am Morgen;in der Frühe;[indàfruà:/frià:];In da Fruah essn mia ned vui.
an Ostern/Josefi;auf Ostern/Josefi;[auf];
anbauen (Haus);dranbauen;[dro:baun];
anbräunen;aufschmalzen;[aufschmåizzn];
andrehen (Licht);aufreiben, aufdrehen;[aufraim, aufdrà:n];Geh, reib amoi as Liacht auf!
anfassen;anlangen, antappen;[o:langà, o:dabbm];
Angeber;Protz, Dampfplauderer;[bro:z, dambbfblaudàrà];
angeberisch;protzerisch;[bro:zàrisch];
Angst;Bollen, Schiss;[boin, schi:s];
Angsthase;Bollenbruder, Schisser;[boinbruàdà, schissà];Du bist vielleicht so a Schisser!
anheben;lupfen;[lubffà];
ankucken;anschauen;[o:schaung];
Anna-Maria;Annermirl;[anàmiàl];
Anschnitt;Scherzl, Scherzerl;[scheàzl, scheàzàl];I mog vom Brot as Scherzl!
Ansturm;Geriss;[gri:s];
Anwalt;Advokat;[abfogàd];
anziehen;anlegen;[o:leng];
anzünden;ankenten;[o:kenndn];
Appettit;Glust, Guster;[gluschd, gusdà];
Arbeitspause;Brotzeit;[bro:zaid];
ärgern (sich);giften;[giffdn];Übers Finanzamt hob I mi gift!
ärgern (jemanden);tratzen,;[dràzzn];
arm;notig;[nåudi];
Arschbacke, die;Arschbacken, der;[årschbaggà];
Arzt;Doktor;[dogdà];
Asche, die;Aschen, der;[a:schn];
Atem;Schnauferer;[schnaufàrà];Wenn I d Stiagn nauf steig, bleibt ma da Schnaufara weg.
auch;aa;[à:];
aufatmen;aufschnaufen;[aufschnaufà];
aufgetakelt;aufgebrezelt, aufgemascherlt;[aufbre:zld,aufgmàschàld];
Aufkleber;Bapperl, Wapperl;[bàbbàl, wàbbàl];
aufmerken;spitzen;[schbizzn];
Aufschneider;Schmarrer, Dampfplauderer;[schma:rà, dambbfblaudàrà];
auftauen;aufleinen;[auflainà];Wenn d Sunn scheint, na leint der ganze Schnee auf.
Augsburg;Datschiburg;[dà:dschibuàg];
Augsburger;Datschiburger;[dà:dschibuàgà];
Ausrutschen;stranseln;[schdra:nsä:n];Pass auf, dass d ned stransesd, es is frisch putzt!
aussehen;ausschauen;[auschaung];
austricksen;papierln, ausschmieren, blitzen, pratzeln;[babiàln, auschmiàn, blizzn, bràzzln];Beim Kartln hams mi sauber blitzt!
Baby;Butzerl, Wutzerl, Beberl, Kinderl;[bu:zàl, wu:zàl, be:wàl, kindàl];Bei Bambiona gibts ganz vui scheene Sachan für unsere Butzerl.
Babysitten;Kindsn;[kinndsn];D Oma duad heid kindsn.
Bächlein;Bacherl;[bà:chàl];
Bäcker;Teigbatzler, Bäck;[Doàgbàzlà, begg];
backen;bachen;[ba:chà];
Backenzahn;Stockzahn;[schdoggza:n];
Backpfeife;Schelle, Watsche, Fotze;[schäin, wàdschn, fozzn];
Backstein;Ziegel;[ziàgl];
bairisch;boarisch;[boàrisch];
Balkon;Laube, Altane;[là:m, åida:nà];
Bammel;Bollen, Schiss;[boin, schi:s];Host Schiss?
bankrott sein;auf die Gant gekommen;[aufgànddke:mà];
Barbara;Babett, Bettl;[bàwedd, bäddl];
barfuß;bloßfüßig;[blo:sfiàssàd];
Bauch;Wampe, Ranzen, Knödelfriedhof;[wammbm, ranzzn, gne:dlfri:dhof];
Bäuchlein;Wamperl;[wàmbbàl];Du host scho a ganz scheens Wamperl.
Bauchschmerzen;Bauchweh;[bauchwä:];
Bauchspeck;Wammerl;[wàmmàl];
Bäuerchen;Kopperl;[kobbàl];
baumeln;schlankeln;[schlànggln];
Baumschwamm;Zundl;[zundl];
Bayer;Boar;[boàr];
bayerisch;boarisch;[boàrisch];
beachtlich;nicht ohne;[ne:do:ne];
beeilen;schicken, schleunen;[schiggà, schläinà];
bedecken;zudecken;[zuàdeggà];
Beerdigung;Leich;[laich];
befehlen;anschaffen;[o:schaffà];
begießen;wassern;[wàssàn];
beginnen;anfangen;[o:fangà];
begreifen;kapieren, schnallen;[kàbiàn, schnåin];
BH;Krickerlhalter, Tuttengeschirr;[griggàlhåiddà, duddngschià];
Beil, das;Axt, die, Hacke, die;[axdd, hagg];
beimengen;dazutun;[dàzuàdoà];Do muast no a Salz dazuadoa.
Bein;Fuß, Hax;[fuàs, hàx];
Beine;Füße, Haxen;[fiàss, hàxn];
beisammen;beieinander;[baiànandà];
bekommen;kriegen;[griàng];
bekriegen;zerkriegen;[zàgriàng];
bemalen;anmalen;[o:måin];
bemerken;gneißen;[gnaissn];
benommen;traumhappert;[drà:mhàbbàd];
benötigen;brauchen;[brauchà];
beobachten;lurren, passen;[luàn, bàssn];
Berg, steil;Kofel;[ko:fe];
Berghang;Leite;[laiddn];
bequem;komod;[komod];
beschaffen;herbringen, auftreiben;[heàbringà, aufdraim];Wo bring ma denn bloß a neis Auto her?
beschummeln;bescheißen, anschmieren, pratzeln;[bschaissn, o:schmiàn, bràzzln];
besonders;wohltan;woiddàn];
bestatten;eingraben;[äigrå:m];
betrügen;pratzeln, bescheissen;[bràzzln, bschaissn];
betrunken;besoffen, angedudelt;[bsuffà, o:du:dld];
Bett;Liegerstatt;[li:gàschdå:d];
bettlägerig;liegerhaft, – ig;[li:gàhaffd, -ig];
Beule;Binkel;[binggl];
Bibel;Evangelibuch;[efange:libuàch];Im Evangelibuch stengan de biblischn Gschichtn.
Biene;Imme;[imbbm];
Bildstock;Marterl;[mà:rdàl];
Binde (Verband);Fatsche;[fà:dschn];
bisschen;ein wenig;[àwe:ne];
bitte;bittschön;[biddsche:];
bitte (antwort auf vergelts Gott);segne es Gott;[sengsgod];Vergelts Gott – Segns Gott.
bitter;hantig;[hànndig];
Blaubeere;Daubeere, Schwarzberre, Haidbeere;[daubeà, schwa:zbeà, hoàwàl];
Blatt;Blattl;[blà:l];
Blesshuhn;Duckente;[duggànndn];
Blick;Geschau;[gschau];
blitzblank;spieglheiter;[schbiáglhoádda;
bloß;grad, sched;[grå:d, schä:d];
Blümchen;Blümerl;[bleàmàl];
Blumenkohl;Karfiol;[kàwioi];
Blumentopf;Scherben;[scheàm];
Bonbon;Gutti, Guttl;[guddi, guàdl];
Bohnen, grüne;Fisolen;[fisoin];
Bottisch;Schaff, Zuber;[schaff, schàffe, zubà];
Bräter;Reine, Reindl;[räina, räindl];
Bratkartoffel;Geröstete;[grä:ssde];
Brautjungfer;Kranzeljungfer, Kranzlerin;[grànzljungfà, grànzlàrin];De Kranzlerin is no a ganz a junge!
Brautjunker;Kranzler;[grànzlà];
Brei;Mus;[muas];
breit;broad;[broàd];
Brezel;Breze;[bre:zn];
Briefträger;Postbote, Postler/in;[bossbo:d, bosdlà/rin];Da neie Postler is a ganz a freindlicher!
Brille;Augengläser;[aungglà:sl];
Brillenträger;Vieraugerter;[fiàraugàdà];
Broiler;Brathendl, Gockerl;[brå:dhendl, goggàl];
Brötchen, das;Semmel, die;[se:me, loàwàl];
;Laiberl, das;;
Brötchenteig;Laiberlteig;[loàwedoàg];
Brücke;Bruck;[brugg];
Brückchen;Bruckerl;[bruggàl];
Bübchen;Buale, Büberl;[buàle, biàwàl];
Bulle;Stier;[schdià];
Bullerwagen;Leiterwagen;[loàddàwå:ng];
Bürgersteig;Gehsteig;[ge:schdaig];
Büschel Haare;Schippel;[schibbe];Dir hängt a Schippe Hoor ins Gsicht!
Busen;Holz vor der Hütte, Milchgeschirr, Spielnockerl;[hoizvoàdàhiddn, muichgschià, schbuinoggàl];
Butter, die;Butter, der;[buddà];Gib ma r amoi an Butta!  
Cäcilia;Cilli;[zilli];   
Café;Kaffeehaus;[kafä:haus];
Camp;Lager, Zeltplatz;[lagà, zäiddblåz];
Cape;Kotze;[kotzn];Des is aber a scheene Kotzn!
Champagner;Schampaninger, Schampus;[schambbaningà, schambbus];
Champignon;Schwammerl;[schwàmmàl];
Chance;Gelegenheit;[gle:nghaid];So a Glegnheit kommt ned nomoi!
Chaos;Durcheinand, Ramasuri;[duàchànand, ràmàsuari];
Choleriker;Zornbinkel, Wuthaferl, Wutnickel;[zoànbinggl, wuàdhà:fàl, wuàdniggl];
City;Stadt, Markt;[schdå:d, margd];Heid gemma in Markt nei.
Cola, die;Cola, das;[kola];Des Cola mog i ned!
Computer;Kiste;[kissdn];Hockst scho wieder vor da Kistn!
Cousin;Vetter, Geschwisterkind;[feddà];
;;[gschwissdàkind];
Cousine;Base, Geschwisterkind;[bàsai, bàsl];
;;[gschwissdàkind];
Croissant;Butterhörnderl, Bamberger Hörderl;[buddàheàndl, bambeàgà heàndl];
Dachpfanne;Dachziegel;[då:chziàgl];
daherreden;verzapfen;[fàzàbbfà];Vazapf koan solchern Schmarrn!
damals;selbigesmal, selmals;[säibigsmåi, säimåis, säim];
dämlich;damisch;[dà:misch];
dämmerig;dumpa;[dumbbà];Drauß is scho dumpa.
Danke;dankschön, vergelts Gott;[dangsche:, fàgäidsgod];
dann;aft, nachher;[àffd, nachà];
Darmwind;Schoaß, Bumps, Backserl;[schoàs, bumbbs, baggsàl];
das (Artikel);des;[de:s];
Datum, das;Datum, der;[dàddum];
Dauerregen;Schnürlregen;[schniàlreng];Heid hamma wieder an Schniàlreng.
Daumen drücken;Daumen halten;[dà:màhåiddn];
Delikatesse;Schmankerl;[schmànggàl];
Delle;Dulle;[duin];Da neie Bariton hod scho a Duin!
defekt;kaputt;[kabudd];
derb;geschert, krachert, hagelbüchern;[gscheàd, grachàd, håglbuàchàn];
deshalb;deswegen;[dessweng];
Dessert;Nachspeise;[nåchschbais];
dick;körndlgefuttert, gwampert, mollert, zeckerlfett;[keàndlgfuàdàd, gwammbàd, mollàd, zäggàlfedd];As Nachbarsdeandl is recht körndlgfuadad.
Dickkopf;Büffel;[biffe];
Dienstag;Ertag, Irta;[irdà];
diese;de;[de:];
direkt;pfeilgerade;[bfaigrå:d];
dirkutieren;diskurieren;[dischgriàn];
Donnerstag;Pfinstag;[bfinnsdà];Mia seng uns am Pfinsta.
doppelzüngig;zwiefotzert;[zwi:fozzàd];
Dörrbirne;Kletzen;[glä:dsn];
Dörrobst;Hutzeln;[hu:zln];
dösen;nafetzen, duseln;[nafeddsn, du:sln];Z Middog mog da Opa a weni nafetzn.
Dose;Büchse;[bixn];Ananas in da Büchsn san so siass!
draußen, hier;heraußen;[heàraussn, heàraussd];
Drei, die;Dreier, der;[draià];
Dreikäsehoch;laufender Meter;[làffàdamäddà];
Drehknopf;Reiber;[raibà];
dringend;bressant;[brässàndd];
drüben;drent;[drendd];
drücken, sich;pelzen;[bäizzn];
Duckmäuser;Siemandl;[si:mànndl];
dumm;blöd, deppert, geprellt;[blä:d, däbbàd, bräid];
Dummkopf;Dummerl, Doite, Depp;[dummàl, doidde, däbb];
Dünger;Dung;[dung];
dunkel;finster;[finsdà];In da Nacht iss finster.
Dünnbier;Scheps;[schäbbs];
dünsten;dämpfen;[dàmmbfen];
dunstig;dämpfig;[dàmmbfig, dàmmbfe];
Durcheinander;Ramasuri;[ràmàsu:ri];In deim Zimmer is a recht a Rammasuri!
Durchfall;die Scheißerei;[dschaissàrai];
Durst;Brand;[brand];
Duschen;Brausen;[brausn];
duselig;damisch;[dà:misch];
eben;gerade;[grå:d];
Eber;Saubär;[saubeà];
Eckchen;Eckerl;[eggàl];
Ecke, die;Eck, das;[egg];Leg dein Mantel dort ins Eck.
Edelkastanie;Marone;[màro:ne];
Ehefrau (meine);die Frau;[bfrau];D Frau geht heid ned mit.
Ehemann (mein);der Mann;[dàmo:];Da Mo mog koan greana Salat.
Ehrenamt;Schanzerl;[schànnzàl];
Egidius;Ägidi;[ägidi];  
Ei;Gaggerl, Oar;[gaggàl, oàr];
Eigelb, das;Dotter, der;[doddà];
eigenartig;oakad;[oàggàd];Der Huat is scho recht oakad.
Eiklar;Eiweiß;[aiwais];
eilen;schicken, schleunen, pressieren;[schiggà, schläinà, bressiàn];
Eischale;Oarschale;[oàrschåin];
Eichhörnchen;Eichkatzerl;[oàchkàzzl];
eilig;schleunig, pressant;[schläini, bressànndd];
Eimer;Kübel;[ki:we];
eindösen;einduseln;[äidusln];Iatz waar I fast eiduselt.
Einfaltspinsel;Lalle, Doite;[lalle, doidde];
eingießen;einschenken;[äischengà];
einholen;einkaufen;[äikàffà];
einklemmen;einzwicken;[äizwiggà];
einlaufen (Stoff);eingehen;[äige:];
einrasten;einschnackeln;[äischnàggln];des muast so lang draahn, biss einschnagglt.
einschüchtern;die Schneid abkaufen;[dschnaidåbkàffà];
Eins, die;Einser, der;[oànsà];
einstecken (Tasche);einschieben;[äischiàm];
einzig;gotzig;[go:zig];Ned oa gotziger Apfe is überbliem.
Eis am Stiel;Steckerleis;[schdäggàlais];
Eisbein;Surhaxe;[su:rhàxn];
Eiterbeule;Eiss;[oàss];Da Lugge hod am Fuaß a Oass.
Elektriker;Funkentratzer;[funggndràzzà];
eng;schmal;[schmåi];
entfernen (sich);schleichen;[schlaichà];
entrinden;schepsen;[schäbbsn];
entwischen;auskommen;[auske:mà];De Fliagn is ma auskemma.
entzwei;kaputt, hin;[kabudd, hi:];
erbrechen;speien, retourvespern, Bröckerl husten;[schbaim, reduàfäschbàn, breggàlhuàsdn];Da Maxl hod heid scho redurgveschpert.
Erbrochenes;Gspeiberts;[gschbaibàds];
Erde (Anbau);Kot, die;[kåud/ko:d];
Erdstall;Schratzelloch;[schràzloch];
ereignen;passieren;[bassiàn];
erfahren;dergneißen, spitz kriegen;[dàgnaissn, schbizzgriàng];
ergraut;grab;[grà:b];Da Onkel Peter is scho grab.
erhalten;kriegen;[griàng];
erklären;ausdeutschen;[ausdaidschn];
ermorden;umbringen;[umbringà];
Erpel;Enterer;[ànddàrà];
erschöpft;derhaut, derkommen, derlaibelt;[dàhaud, dàke:mà, dàloàwed];Heid bin I ganz daloawed.
ertragen;derpacken, aushalten;[dàbaggà, aushåiddn];
erwürgen;dergarmen;[dàgà:rmà];An Nachbarn sein Hund kunnt I dagarma!
Esskastanie;Marone;[màro:ne];
Erzählung;Geschichte;[gschichd];
Etagenbett;Stockbett;[schdogbedd];
etwa;epper;[äbbà];
etwas;ein Bisschen, ein wenig, ein Batzerl;[àbissl, àwe:ne, àbàzzàl];
etwas;eppers;[äbbàs];I muas da ebbas sogn!
fächeln;wacheln;[wà:chän];Dua ned so wadln, es ziaght!
fahrig;ruschert;[ruàschàd];Wos bist denn heid so ruaschad?
Fahrkarte;Bilettl;[biläddl];
Fährmann;Ferge;[fäàg];
Fahrrad;Radl;[rà:dl];Mia hams as Radl gstoin!
falls;bal;[båi];
falten (Stoff);zusammenlegen;[zammle:ng];Leg amoi de Wasch zsamm.
Fangen (Spiel);Fangsterl, Fangermanndl;[fangsdàl, fangàmànndl];
Faschingskostüm;Maschkera;[maschgàrà];
Fastnacht;Fasching, Maschkera;[fasching, maschgàrà];
faseln;dalfern;[dåifen];Dua ned so daherdoifen!
fauchen;pfosen, pfugetzen;[bfo:sn, bfugäzzn];
faul;gstinkert;[gschdingàd];Da Pater is vielleicht gstinkert!
faulenzen;sich pelzen;[bäizzn];
fehlen;abgehen;[åbge:];
Feiertagskleidung;das hochgute Gewand;[àshåuchguàdegwand];D Rosl hod as houchguade Gwand oglegt.
Feldstecher;Zuherzieher;[zuàweziàgà];
Felsgrad;Zeangradl;[zeàngràdl];
Fensterrahmen;Fensterstock;[fensdàschdog];
Ferkel;Fackel;[fagg, fàgge];
Fernglas;Zuherzieher;[zuàweziàgà];Leich ma den Zuaweziaga, i sig nix!
fertigbringen;zusammenbringen;[zambringà];
Fertigsuppe;Packerlsuppe;[bàggàlsubbm];
Fett, das;Fetten, die;[fäddn];Und obn auf schwimmt d Fettn!
Fettnäpfchen (ins, treten);sich einen Schiefer einziehen;[ànschi:fàaiziàng];
Feuer aus Nadelholzzweigen;Daxenfeuer;[dàxnfaià];
Fichte;Feichten;[faichdn];
Fichtenzweige;Daxen;[dàxn];
fies;ausgeschämt, geschert;[ausgschà:md, gscheàd];
Figur;Gestell;[gschdäi];Dei Freundin hod a saubers Gstell!
Finger (Pl.);Klupperl, Griffel;[glubbàl, griffe];
Firmpate;God;[go:d];
Firmpatin;Godei, Godin;[go:dai, go:din];
flachbrüstig;bretteleben;[bre:le:m];
flattern;wacheln;[wà:chän];D Wasch wachelt im Wind.
fleckig;fleckert;[gfleggàd];
Flegel;Lackel;[làggl];
Fleischer;Metzger;[mezgà];
Fleischkäse;Leberkäse;[lewàkà:s];
Fleischkuchen;Leberkäse;[lewàkà:s];
fliehen;abhauen;[åbhaun];Zwoa san ausm Gfängnis obghaut!
Fliese;Kachel;[ka:chä];
flirten;anbandeln, spernzeln;[o:bàndln, schbeànzln];Da Miche mecht owei obandln bei mir!
Flittchen;Flitscherl;[fli:dschàl];
Flugzeug;Flieger;[fliàgà];
Flusen;Flinserl;[flinsàl];
flüstern;wispern;[wischbàn];Wenn Du blos wisperst, versteh i nix!
Fluß;Ache;[åchn];
Fohlen;Heiß, Heißerl;[hàiss, hàissàl];
;;;
fortwährend;in einer Tour;[inoànàdu:r];
Fotoapparat;Foto;[foddo];
fragen;ausfratscheln;[ausfràdschln];
Frack;Gehsthintre;[gä:sdhindre];
Frauen;Weiberleut;[wàiwàlaid];
fremdgehen;aushergrasen, daneben hinaus gehen;[aussigråsn, dàne:mnausge:];D Hinterhuber is wieder danebn nausganga.
Freundin;Gspusi;[gschbu:si];
Friedhof;Gottesacker;[go:dsaggà];
Frikadelle;Fleischpflanzerl;[flaischbflànzàl];
Friseur;Bader;[bå:dà];
Fritattensuppe;Pfannenkuchensuppe;[bfa:nàkuàchàsubbm];
Früchtebrot;Kletzenbrot;[glä:znbrod];
Frühling;Lenz, Auswärts;[lenzz, ausweàds];Im Lenz bliahn olle Baam.
Füllen;Heiß, Heißerl;[hàiss, hàissàl];
Füller;Federhalter;[fedàhåiddà];
Füllung (Zahn);Plombe;[blombbm];
Fünf, die;Fünfer, der;[fümfà];Da Pauli hod an Fünfa in Erdkunde.
fürchten;scheuchen;[schaichà];
Furunkel;Eiss;[oàss];
Furz;Scheiß, Backs;[schoàs, baggs];
furzen;scheißeln, backseln;[schoàssln, baggsln];Hör amoi auf mit dem Schoaßln!
Fusel;Flinserl;[flinsàl];
Fußschweiß;Zehenkäse;[zächànkà:s];
Gabelfrühstück;Brotzeit;[brozaid];
gaffen;stieren, zahnen;[schdi:àn, za:nà];
gammeln;sandeln;[sàndln];
Gänseklein;Gansjung;[gansjung];
Gänserich;Ganserer;[gansàrà];
Ganter;Ganserer;[gansàrà];
gar;durch;[duàch];Der Braten is gwieß durch!
Gardine;Vorhang;[voàhang];
Garten (arbeiten im);garteln;[gàrddln];
Gasmann;Gaserer;[gà:sàrà];
Gastwirt;Wirt, Bräu;[wiàdd, brai];
Gau, der;Gäu, das;[gai];In unsam Gäu lebt da Stoiber.
Gaudi, das;Gaudi, die;[gaudi];
Gauner;Bazi, Lunmp, Schlawiner, Haderlump;[bà:zi, lumbb, schlàwi:nà, hådàlumbb];
Gebüsch;Stauden;[schdaun];Bass auf, foi ned in d Staun.
Geck;Stenz;[schdenz];
Gedenkkreuz;Marterl;[màrddàl];
gefügig;handsam;[handsam];
gedrechselt;drechselt;[dràxld];
gegenüber;drenterhalb;[drenndàhåi];
gehorchen;spuren, folgen;[schbuàn, foing];Unser Bua spurt scho, wenn er mog.
gehörig;gescheit, sauber;[gschaid, saubà];
Geizhals;Notnickel, Ruch;[nåudniggl, ruàch];
gelb (intensiv);gackerl-, gruserlgelb;[gaggàl-, gru:sàlgäib];
Geld;Diridari, Gerstl, Moos, Flins;[diredàre, geàsdl, mo:s, flins];
gelockt;geschneckelt;[gschnäggld];An Müller sei Bua is gschnecklad.
gelüsten;anweigen;[o:waing];
gemein;geschert;[gscheàd];
Gemeinde;Gemein;[gmoà];
gemeinsam;miteinander;[midànandà];
Gemüse;Gmias, Grünzeug;[gmiàs, greàzaig];Vui Gmias is gsund!
gemütlich;grübig, zeam;[griàbig, zeàm];
genau;akkurat;[àggràdd];
Genick;Gnack;[gnàgg];
genügend;genug;[gnuà];
geöffnet;offen, off;[offm, off];
Georg;Schorsch, Girgl, Schore;[schoàsch, giàgl, schore];
Gepolter;Gepumper;[gebumbbà];
gerade;grad;[grå:d];
geradezu;schier, direkt;[schià, direggd];
gerammelt voll;gesteckt voll;[gschdeggdvoi];
Geräuchertes;Geselchtes;[gsäichds];
gerinnen;stöckeln, zusammenlaufen;[schdeggln, zamlàffà];Wennst d Muich steh lasst, na werds gstöcklt.
Geruch;Geschmack;[gschmàggä];
Gerümpel;Glump, Graffel;[glumbb, gràffe];
Geschäft;Laden;[lå:n];
geschehen;passieren;[basiàn];
geschwätzig;ratschert;[ràdschàd];
gesellig;zünftig;[zimfdi];Heid iss wieder zinftig!
Gesindel;Bagage;[bàgà:sch];
Getöse;Metten;[meddn];
Getränkerest;Neigerl;[noàgàl];
gewaltvoll;krawotisch;[gràwå:disch];
Gewehr;Büchse;[bixn9;A jeder Jager hod a Büchs.
Geweih (Reh, Gämse);Krickerl, Gewichtl;[griggàl, gwichdl];
Gewitter;Wetter;[we:dà];
gewitzt;gewappelt, wief;[gwàbbed, wi:f];
gierig;ruchert;[ruàchàd];Sei ned so ruachad!
Gitarre;Klampfe;"[glambbfà; glambbfm]";I lern iatz Klampfn!
Gitterbett (Kinder);Bettstattl;[beddschdàdl];
glasklar;glaslheiter;[gláslhoadda, gláseihoadda];Da Himme is glaseihoadda…
Glatze;Platte;[bladdn];Unser Englischlehrer hod a Plattn.
Glatzkopf;Platterter;[bladdàdà];
glatzköpfig;plattert;[bladdàd];
gleitsch;rutschen;[ruddschn];
Gletscher;Fern;[feàn];
glitschig;rutschig;[ruddschig];
Glück;Dusel, Massel;[du:sl, màssl];
Glühwürmchen;Leuchtkäferl;[laichkäfàl];
Glupschaugen;Batzelaugen;[bàzzlaung9;De neie Vakäuferin hod Batzlaugn.
Grasland;Ägarten;[ä:garddn];
grau;grab;[grà:b];
grauen;grausen;[grausn];
grellgelb;gackerlgelb;[gaggàlgäib];
Grenzpolizist;Grenzer;[grenzzà];
Grieben;Grammeln;[grà:men];
Griebenfett;Grammelschmalz;[gràmeschmåiz];
griesgrämig;grantig;[grànddi];
Groschen;Zehnerl;[ze:nàl];
großartig;bärig, pfundig, zeam;[bäàrig, bfundig, zeàm];
grummeln;granteln, brummeln;[grànddln, brumen];Da Großvater duad oiwei so grandln.
grün;grea;[greà];
Grünschnabel;Grünling;[greàling];
Gummi, das;Gummi, der;[gu:mi];
Gurke;Gugummerer;[gugumàrà];
Gürteltasche;Wimmerl;[wimàl];An Diredari hob i im Wimmerl drin-
Güte;Gutheit;[guàdhaid];
gut;bärig, pfundig, zeam;[bäàrig, bfundig, zeàm];
guten Tag;Grüß Gott;[griàsgo:d];Bei uns sogt ma Grias God, wenn ma reikimt!
Habicht;Stößer;[schdässà];
Hacke (fuß);Ferse;[feàsn, feàschn];
Hackebeil;Hackl, Axt;[hàggl, axdd];
Hackklotz;Hackstock;[haggschdo:g];
Hafer;Habern;[hå:wàn];
Haferpflaume;Kriecherl;[griàchàl];
Hahn;Gockel, Gickerl;[gogl, giggàl];
Hähnchen;Gickerl, Gockerl;[giggàl, goggàl];
Hallo;Griaß Di, Servus, Habe die Ehre, Griaß Euch;[griàsdi, seàwus, hawedeàre, griàssaich];
Handbesen;Bartwisch;[ba:rdwisch];
Hände (groß);Pratzen;[brazzn];
Händler;Tandler;[dànddlà];
hangeln;hanteln;[hànndln];
hänseln;tratzen;[dràzzn];
Häppchen;Batzerl, Bröckerl;[bàzzàl, breggàl];
Harke;Rechen;[rä:chà];
harken;rechen;[rä:chàn];
Harz;Baumpech;[bà:mbe:ch];
Hasenfuß;Schisser, Bollenbruder;[schissà, boinbruàdà];
hassen;dickhaben;[digghåm];
hässlich;gräuslig, schiech;[graisli, schiàch];
hastig;ruschert;[ruàschàd];
Haus (abfällig);Hiwern;[hiàwàn];Geh, wos wuist denn mit dera oidn Hiawan?
Häuschen;Häuserl, Häusl;[haisàl, haisl];
Häuserblock;Stock;[schdo:g];
Hausflur;Flez, Gang, Hausgang;[fle:z, gang, hausgang];
Haushälterin;Hauserin;[hausàrin];
Hausknecht;Hausl;[hausl];
Hefe;Germ, Hepfe;[geàm, hebffà];
Hefekloß;Germknödel, Dampfnudel;[geàmgne:dl, dambfnu:l];
herftig;gaach, sauber;[gà:ch, saubà];
Heimweh;Zeitlang;[zaidlang];
Heiratsvermittler;Schmuser;[schmu:sà];
Hektikerin;Rusche;[ruàschn];De neie Putzfrau is a Ruaschn!
hektisch;ruschert;[ruàschàd];
Helligkeit;Lichten;[liàchdn];
Hemd, das;Pfoat, die;[bfoàd, he:màd];
;Hemmert;;
Henkelmann;Bitscherl;[bi:dschàl];
herab;abher;[å:we];
heraus;aufher, rauf;[auffe, rauf];
heraus;ausher, raus;[ausse, raus];
Herbst;Hirgscht, Einwärts;[hiàgschd, äiweàds];
herein;einher, rein;[aine, räi];
hereinlegen;blitzen, blümeln;[blizzn, bleàmen];
Herren;Mannerleut;[ma:nàlaid];
herüber;herent;[härendd];
herüber;umher, rüber;[umme, ri:wà];
herumkollern;rumkugeln;[rumku:gln];
herunter;abher, runter;[å:we, runddà];
heuen;heugnen;[haingà];
heulen;blöken, zahnen, röhren, trenzen;[bläggà, za:nà, rä:àn, drennzn];
Heumahd;Grummet;[groàmàd];
Heuschrecke;Heupferderl, Grashüpfer;[haibfeàddàl, gråshubbfà];
hetzen;hudeln;[hu:dln];Nur ned hudln!
Hieb;Schlag;[schlåg];
hier;da;[då:];
hilflos;verratzt;[fàrazzd];
hin und wieder;ab und zu, diemals;[abunzuà, diàmåis];
hinab;abhin, nab;[å:we, nå:];
hinauf;aufhin, nauf;[auffe, nauf];
hinaus;aushin, naus;[ausse, naus];
hinein;einhin, nei;[äine, näi];
hintendrein;hintennach;[hinddnå:ch];
hinterher;nachher;[nåcheà];
hinüber;umhin, nüber;[umme, ni:wà];
hinunter;abhin, nunter;[å:we, nunddà];
Hinweis;Deuter;[daiddà];
Hitzkopf;kleiner Binkel;[gloànàbinggl];
hoch (Adj.);hoch, groß;[houch, grous];
hoch (Adv.);hinauf, weit, oben;[hinauf, waid, o:m];
hoch gehen;nauf gehen;[naufge:];
Hochmoor;Filz;[fuiz];
Hochzeitslader;Progoder;[brogå:dà];
Hocker;Schämel;[schà:me];
Höcker;Buckel;[buggl];
Hollunder;Holler;[ho:là, hoià];
Holzbock (Arbeit);Schragen;[schrà:ng];Led des Brettl do auf d Schragn!
hölzern;holzern;[hoizàn];
Holfäller;Holzknecht;[hoizgnächs];
Holzschuppen;Holzlege;[hoizle:g];
Honig;Heng, Heni;[he:ng, he:ni];
Honigkuchen;Lebkuchen, Lebzelten;[le:bkuàchà, lebzäiddl];
horchen;lusen, spitzen;[lu:sn, schbizzn];
hören;lusen;[lu:sn];
Hosentasche;Hosensack;[ho:snså:g];   
Huckepack;Buckelkrax;[buglgràx];I mecht bucklkrax trogn wern!
hübsch;fesch, sauber;[fäsch, saubà];
Hügel;Bichel;[bi:chä];
Huhn;Henne;[he:nà];
Hühnerkot;Hennendreck;[he:nàdre:g];
Hülle;Hülse;[huisn];
ich;i;[i:];
ideal;pfundig, bärig, stark, gewandt;[bfundig, bä:rig, sdargg, gwànndd];Mei neis Radl is pfundig!
Idiot;Depp, Doite, Lalle;[däbb, doidde, lalle];
Idiotenhügel;Depperlbergerl;[däbbàlbärgàl];
igitt;pfui Teufel, bäh;[bfui daife, bä:];
ihm;  ;[eàm];
Ihnen;;[eànà];
ihr;ihrer;[i:àrà];
Ihre;Ihrene;[eànàne];
ihrerseits;von ihr aus;[fon i:àrà aus];
ihretwegen;wegen ihr;[wegà i:àrà];D Hanni sagt naa, wega ihra kema ned geh.
Ihretwegen;wegen Ihnen;[wegà eànà];Wega Eana muas i nomoi ofanga.
Illustrierte;Käseblatt;[kà:sblàddl];
immens;ganz schön, gescheit;[ ganz schee, gschaid];Der Berg is ganz schee gaach.
immer;allerweil, allweil;[ållàwì, åiwai];
immerhin;wenigstens;[wenigsdns];Wenigstns scheint d Sunna.
impertinent;letz;[lädds];De neie Lehrerin is gscheid letz!
in (Ortsangabe);zu;[z];Z Minga gibts a Hofbräuhaus.
ineffektiv;für die Katz;[fià kaz];
indessen;derweil;[dàwai];
indiskret;ratschert;[rà:dschàd];
Individualist;Urvieh;[uàfi:ch];
infam;ausgeschämt;[ausgschà:md];
inflexibel;starrig;[schdà:rig];
insolvent;auf die Gant gekommen;[aufgànndkemà];Da Blechara is mit seiner Fabrik auf d Gant kemma.
instandsetzen;richten, herrichten;[richdn, heàrichdn];
Inszenierung;Theater;[deàddà];
intelligent;gescheit;[gschaid];
Intelligenz;Gescheitheit;[gschaidhaid];Da Moar moant, dass er d Gscheidheit mim Löffe gfressn hod!
Intelligenzbolzen;Gescheithaferl;[gschàidhà:fàl];Mei Schwester is a richtigs Gscheidhaferl!
inzwischen;derweil;[dàwài];
irden;irdern;[irdàn];
irgendwo;anorts;[ànords, ànouschd];Anouschd hams gwieß größere Autos.
irr;gspinnert, narrisch;[gschbinnàd, nà:risch];
Italiener;Itaker;[idàggà];
Jacke;Janker, Joppe;[jànggà, jobbn];
Jagdgewehr;Stutzen;[schduzzn];
jagen;jagern;[jà:gàn];
jäh;gach;[gà:ch];Fahr ned so gaach!
Jahrmarkt;Dult, Volksfest, Prater;[duidd, foigsfesd, brådà];
jammern;winseln;[wuisln];Dei Hund wuisld scho wieder!
jammerschade;zu tode schade,;[zdoudschåd, ewischåd];Dass da Kramer zuagsperrt hod, is z doudschod.
;ewig schade;;
jäten;ausgrasen;[ausgrå:sn];
Jauche;Odel;[å:dl];Am Meier sei Odlfassl hod a Loch!
jedermann;ein jedes;[àjäds];
jemand;einer, eine, etwer;[oànà, oàne, äbbà];Hod ebba wos dagegn?
jenseits;drenterhalb;[drennddàhåi/;
;;drennddàhåib];
jetzt;derzeit;[deàzaid];
Joch;Tagwerk;[då:gweàgg, Dåwà];Mia ham fünf Dogwerk Grund.
Johann;Hans, Hansl, Hannes;[hans, hànsl, ha:nes];
Johannisbeeren;Ribisel;[ribisl];
Josef;Beppi, Bepperl, Sepp, Sepperl,;[bäbbi, bäbbàl, sebb, sebbàl];
jubeln;juchzen;[juchä:zn];
Jubelschrei;Juchzer, Juschrei;[juchzà, juchschroà];Los amoi an Juchzer los!
jucken;beißen;[bàissn];De oide Hosn de beisst a so!
Juckreiz;Beiß;[bàiss];
Jüngelchen;Buberl;[biàwàl, buàle];
Junge;Bub;[buà];Mia ham zwoa Buam.
Jungs;Buben, Burschen;[buàm, buàschn];
justamend;gerade, akkurat;[grå:d, à:gràdd];
Jute, aus;rupfern;[rubbfàn];Des is ja aa rupfans Hemad!
Jutegewebe;Rupfen;[rubbfà];Dua amoi de rupfan Sack her!
Kacke;Scheiße, Scheißdreck;[schaisse, schaisdre:g];
kacken;gackeln;[gaggln];
kahlköpfig;plattert;[bladdàd];
Kahn;Schifferl;[schiffàl];
Kakerkake;Russ, Schwab;[russ, schwå:b];
Kälbchen;Kalbl;[kaiwe];
Kalbe;Kalm;[kåim];Unsere Koima san auf da Oim.
kalben;kalbern;[kåiwàn];
Kamm;Kampel;[kàmmbe];
kämmen;kampeln;[kàmmben];Du bist ja no ned kamped!
Kanten;Scherzerl;[scheàzl];
Käppi;Kappe;[kàbbe];Des Kappe is schee!
Karo;Häusl, Kastl;[haisl, kàssdl];
kariert;gehäuselt, gekastelt;[kaisld, kàssdld];I hob an ghäusdn Rock.
Karneval;Fasching, Maschkera;[fasching, màschgàrà];
Karnickel;Hase, Kinihas;[hå:s, kineå:s];
Karre, die;Karren, der;[karrn];
Kartenspieler;Kartler;[kà:ddlà];
Karteon;Papperdeckel;[babbàdeggl];Zum Bastln brauch ma an Babbadeckl.
Karotte;gelbe Rübe;[gäiweruàm];Bei uns hoaßns gelbe Ruam!
Kartoffel, die;Erdapfel, der, Grundbirne, die;[eàdabbfe, grumbbiàn];
Kartoffelpuffer;Reiberdatschi;[raiwàdà:dsche];
kapieren;eingehen, gneißen;[äige:, gnaissn];
Kasperle, das;Kasperl, der;[kàschbàl];Unser Kasperl is bsonders schee.
Kasserolle;Reine;[rainà, raindl];
Kasten (Getränke);Tragel, Träger;[drà:gl];Hoi ma no a Tragl Limo.
Kehle;Gurgel;[guàgl];
keifen;belfern;[bäifen];
Keilerei;Raufferts;[ràffàds];
Kelle;Schöpflöffel;[schebbfleffe];
Kerngehäuse;Butzen;[buzzn];I hob den Apfe mitsamt dem Butzn gessn.
kerngesund;bumperlgesund;[bumbàlgsund];
kichern;kudern, gugitzen;[ku:dàn, gugizzn];
Kiefer (Baum);Föhre;[feàn];
Kiesel;Steinderl;[schdoàndàl];
Kinderbett;Bettstattl;[beddschdàdl];Bring an Maxi ins Bettstadl, er is miad.
Kiosk;Standl;[schdànddl];
Kirchweihfest;Kirta, Kirwa;[kirdà, keàwà];
Kirchweihschaukel;Kirtahutschen;[kirdàhuddschn];
Kirmes;Dult, Volksfest, Kirta;[duidd, foigsfesd,kirdà];
Kiste (Getränke);Tragl, Träger;[drà:gl];
Kiste (Obst);Steige;[schdaing];
Klamotten;Gewand;[gwand];
klappern;scheppern;[schä:wàn];Da Fensterladn scheppert.
klarkommen;sich auskennen;[si auske:nà];
Klatschbase;Ratschkattl;[Rà:dschkà:dl/;
;;Rà:dschkàddl];
klauen;dacheln, mitgehen lassen, stibitzen, krampfeln, abstauben;[dà:chen, midge:låssn, schdibizzn, gràmbbfen,åbschdaum];
kleben;pappen, picken;[babbm, biggn];
Kleber;Papp;[babb];
klebrig;pappig, pappert;[babbig, babbàd];Deine Händ san ganz babbig!
kleckern;trenzen, sauen;[dre:nzn, saun];Host di wieder voitrenzt!
klecksen;patzen;[bazzn];
Kleidung;Gewand;[gwand];
kleiner Hund;Zamperl, Wadenbeißer;[zàmbbàl, wà:dlbaissà];
Kleinbauer;Häuselmann, Häusler;[haislmo:, haislà];
Kleinkrämer;Tüpferlscheißer;[dibbfàlschaissà];
klemmen;zwicken;[zwiggà];
Klemtner;Spengler;[schbànglà];
Klepper;Häuter;[haiddà];
klettern;kraxeln;[gràxln];
klicken;schnackeln;[schnàggln];Wenns einschnagglt, na bassts.
Klicker;Schusser;[schmu:sà];I hob scheene große Schusser.
Klingel;Glocke;[gloggn];
klingeln;läuten;[laiddn];Wennst mit da Glockn läutst, na kim i.
klirren;scheppern;[schä:wàn];
klopfen;pumpern;[bummbàn];Du muast ned glei so pumpern, i hör Di scho.
Klops;Nockerl, Knödel;[noggàl, gne:l];
Kloß;Knödel;[gne:l];
Klößchen;Nockerl, Knöderl;[noggàl, gne:dàl];
kluckern;glucksen;[gluggsn];Hör, wia des Bacherl gluckst!
klug;gescheit;[gschaid];
Klümpchen;Batzerl;[bàddsàl];
knacken;knacksen, schnackeln;[gnàggsn, schnàggln];I hob ma mein Fuaß vaschnacklt.
Knall;Schnalzer, Tuscher;[schnåizzà, duschà];
knallen;schnalzen, krachen;[schnåizzn, gra:chà];
knallhart;eiskalt, beinhart;[aiskåid, boàha:dd];
knarren;knarzen;[gnà:zn];
knauserig;notig;[nåudig];
knautschen;verbuckeln, verbutteln;[fàbuggln, fàbuddln];Dua dei Kleidl ned so vabuddln!
Knecht;Ehehalten;[e:håiddn];
kneifen;zwicken;[zwiggà];
Kneifer;Zwicker;[zwiggà];
Kneifzange;Beißzange;[baisszang, baisszangà];
Kneipe;Beize;[boàzzn];In so a varauchte Boazn geh i ned!
Knochen;Beine;[boànà];
Knochenmann;Beindlkramer;[boàndlkramà];
knöchern;beinern, beinig;[boànàn, boànig];As Diandl vom Nachbarn is gang boanig.
Knorpel;Kruspel;[gruschbe];
Knoten;Knopf;[gnobf];
Knüller;Reißer;[raissà];
Knüppel;Prügel;[bri:gl];
knüppeldick;faustdick;[faussdigg];
knusperig;rösch;[räsch];
knutschen;schmusen;[schmu:sn];
Köfferchen;Kofferl;[koffàl];
Köhler;Aschenbrenner;[aschnbre:nà];
Kohlmaise;Zizibäh;[zizibä:];
kompliziert;verzwickt;[fàzwiggd];
Kompott;Tauch;[dauch];
Konfitüre;Marmelade;[màmàlà:d];
Kopf;Belli, Schädel, Birne;[bälle, schä:dl, biàn);
Kopfschmerzen;Kopfweh;[kobfwä:];
Kopfsprung;Köpfler, Hecht;[kebbflà];
Korb;Kirm, Kretzl, Zegerer;[kiàm, gräzzl, sägàrà];„A kloans Grätzl voller Erdäpfe“ is a scheene Gschicht!
Korinthe;Weinbeere;[wäibeàl];
Kotze;Gspeiberts;[gschbaibàds];
Krachmacher;Radaubruder;[ràdaubruàdà];
Kraft;Schmalz;[schmåizz];
Kraft (Arme);Irxenschmalz;[iàxnschmåizz];Sigst, da Huawa hod a Irxnschmalz!
kräftig (Mann);gestanden;[gschdanddn];
krakeelen;sich aufführen;[si auffiàn];
krakeln;schmieren;[schmiàn];Schmier ned so in deim Heft rum!
Krämer;Kramer;[gra:mà];
Krämersfrau;Kramerin;[gra:màrin];
Kräuter;Kräutl;[graiddl];Im Gartn wachsn guade Kräutl.
Kräuterfrau;Kräuterweiberl;[graiddàwaiwàl];
Kraushaar;Schneckerl, Wuckerl;[schnäggàl, wuggàl];
kratzen;krällen;[grain, gråin];
krempeln;stulpen;[schduibben];Dua ma amoi d Ärma naufstulpen!
Kreszenz;Zenzi;[zenzze];
kribbeln;bitzeln;[bizzln];
kriechen;schliefen;[schliàffà];
kross;rösch;[räsch];
Kröte;Protz;[bro:z];
Krume;Molle;[moin];
Krümel;Brösel, Bolterl;[bräsàl, boiddàl];
Krümelkuchen;Streuselkuchen;[schdraislkuàchà];
krümaln;bröseln, wutzeln;[brä:sln, wu:zln];
Krüppelkiefer;Latsche;[là:dschn];
kruschen;rumkrällen;[rumgrain, -gråin];
kramen;rumkraudern;[rumgraudàn];De oide Kath duad oiwei rumkraudern.
Kruste (Fleisch);Schwarte, Rammerl;[schwarddn, ràmme];
Kruste (Blut);Ruferl, Rufernschmarren, Bletze;[rufàl, rufànschma:n, blä:zn];
Küche;Küch, Kuchl;[kich, kuchl];
Küchenhilfe;Kuchlmensch;[kuchlmensch];
Küchenschrank;Küchenkasten;[kichnkasddn];De Büchsn mitm Geld is im Küchenkasten.
kucken;schauen, spechten, luren;[schaung, schbächdn, lurn];
Kuhfladen;Kuhdreck;[kuà:dre:g];Deine Fiass san voller Kuahdreck!
Küken;Biberl, Singerl, Herl;[biwàl, singàl, heàl];
kullern;kugeln;[kugln];
Kumpel;Spezi, Kamerad;[schbä:ze, kamàra:d];
Kunde;Kundschaft;[kundschafdd];
Kurve;Schremse;[schre:msn];Bist wieder so gaach um d Schremsn umme, dass d umgschmissn host!
Kuss;Bussl;[busl];
küssen;abbusseln, busseln;[å:busln, busln];
Küster;Mesner;[me:snà];
labberig;letschert;[lä:dschàd];
Lache;Lacke;[laggà];Steig ned in de Lacka nei!
Ladentisch;Ladenbudel;[lå:dnbu:dl/Lå:dnbu:dl];Auf da Ladenbudl steht de Kasse.
Lakritz;Bärendreck;[Beàndre:g];
Lämmchen;Lamperl, Betzerl;[làmbbàl, Làmbbe];
Landstreicher;Grattler, Hamperer, Sandler;[gràddlà, hambbàrà, sà:ndlà];
lang (die Straße);entlang,( hinunter, herab);[enddlang];Do entlang und nacha rechts nüber.
langbeinig;langhaxert;[langhàxàd];
Langweiler;Letschenbene, Leimsieder, Fadian;[lä:dschnbe:ne, loàmsiàdà, fà:dian]];Mei Chef is a richtiger Letschnbene.
langweilig;letschert, fad;[lä:dschàd, fà:d]];
langweilige Frau;fade Molle, fade Nocke;[fà:de moin, fà:de noggn];
Lappen;Lumpen, Hadern;[lumbbm, hå:dàn];
Lärm;Mette;[meddn];
lästern;granteln;[grànddln];
Lätzchen;Latzerl, Trenzerl;[làzzàl, drenzzàl];
Laube;Salettl;[sàläddl];Im Salettl spuid heid a Musi.
Lauch;Porree;[bo:re];Bring ma an Pore vom Kramer mit!
lauern;luren, passen, spechten;[luàn, bàssn, schbächdn];
laufen;sausen, reifeln;[sausn, roàffen];
Laune, schlechte;Grant;[gràndd];Da Girgl hod heid wieder an saubern Grant!
lauschen;lusen;[lu:sn];
Läusekamm;Lausrechen;[Lausrä:chà];
lebenslustig;lebfrisch;[lebfrisch];D Rosi is a lebfrischs Diandl.
lecken;ausrinnen;[ausri:nà];
lecken;schlecken;[schläggà];
lecker;gut, geschmackig, fein, ganz gut, närrisch gut;[guàd, gschmàggig, fäi, gà:nsguàd, nà:rischguàd];
Leckerbissen;Schmankerl;[schmànggàl];
Lederhose (kniefrei);Kurze, Wichs,;[kuàze, wix];Friara is ma mit da kuzn Wichs ned in d Kircha ganga!
;kurze Wichs;;
Lederhose;Lederne, Bundlederne;[ledàne, bundledàne];
Lederhosenmacher;Säckler;[sàgglà];
ledig;einschichtig;[oàschichde];
Lehm;Loam;[loàm];Berg am Loam hoaßt so, weils do friara vui Loam gebnnhod.
Leim;Leim;[laim];Da Schreiner nimmt an Leim zum Pappn her.
lehnen;lainen;[loànà];
Lehrjunge;Lehrling, Lehrbub;[leàling, leàbuà];
Leichenbegräbnis;Leich, die;[laich];Beim Xare selig, des war a scheene Leich.
Leichtgewicht;Krüsperl;[grischbàl];
leid tun;derbarmen;[dàbarmà];
Leine;Strick, Schnur, Schnürl;[schdri:g, schnuà, schniàl]];Dua d Wasch vom Strick owa!
Leiter;Staffelei, Loata;[schdafflai, loàddà];
Lid;Augendeckel;[aungdegl];
lieben;gernhaben, mögen, gefallen;[geànhåm, me:ng, gfåin];I hob mein Mo narrisch gern.
liebestoll;gamsig, wepsig;[gàmsig, wäbbsig];
Liebe;Lieb;[liàb];
Liebe machen;schnaxeln, mausen, zusammenpacken, bürsteln,;[schnàxln, mausn, zammbaggà, biàschdln];
Liebschaft;Liebhaber, Gspusi;[liàbhabà, gschbu:si];
Liebstöckel;Maggiekraut;[màggigraud];Dua in d Suppn no a Maggiekraut nei!
Liege;Kanapee, Chaise longue;[kanàbä:, schäslong];
liegen;flacken;[flaggà];
;;;
Limo, die;Limo, das;[limmo, grà:chàl, schbringàl];Des gelbe Limo mog I ned, I mog liaba des rote Gracherl.
;Gracherl, Springerl;;
Liptauer;Obatzter;[o:bàzzdà];
Loch im Strumpf;Kartoffel;[ka:doffe];Du host ja an saubern Kartoffe im Socka!
Locke;Schneckerl, Wuckerl;[schnäggàl, wuggàl];
lockig;geschneckelt, geschnecklert;[gschnägglàd];
Lokus;Häusl;[haisl];
lose;offen;[offm, off];
loslassen;auslassen;[auslåssn];Los mi aus!
Löwenzahn;Millischeggl, Muichscheggl, Saubleamal;[millischäggl];
;;[muichschäggl];
;;[saubleamal];
lustig;zerm, fidel, zünftig;[zeàm, fidäi, zimbfdig];
lutschen;schlecken;[schläggà];
Mädchen;Madl, Dirndl, Mensch;[mà:dl, diàndl, mensch];
Mädels;Madln, Dirndln, Menscher;[màdln, diàndln, menddschà];Bei uns trogn d Mentscha ned oiwei a Dirndlgwand.
Mähre;Häuter;[haiddà];
Mais;Kukuruz;[gugàruzz];Da Kukuruz treibt scho!
Makel;Pecker;[bäggà];
mampfen;pampfen;[ba:mbfm];Dua ned so neibampfn, sunst werst so mollert!
manchmal;eindiemal;[diàm, àdiàm];
Mann;Mannsbild;[mansbuid];
Männchen (Tier);Manndl;[mànndl];
Männchen (Mensch);Manndl, Mantschgerl;[mànndl, mànnschgàl];
Männeken;Manndl, Mantschgerl;[mànndl, mànnschgàl];
manuell;händisch;[henddisch];Und des host du olles händisch gmacht?
Maria;Mirzl, Mia, Mare;[miàzl, mi:a, mà:re];
Marmelade, die;Marmelad, das;[màmàlà:d];
Maske;Larve;[la:rfà];
maskiert sein;Maschkera sein;[màschgàrà];
Maskierter;Maschkera;[màschgàrà];
Maß (Bier);Mass, Masserl;[mass, màssàl];Schenk ma no a Mass ei!
Matsch;Baaz, Gaatsch, Tratsch;[bà:z, gà:dsch, drà:dsch];
Maulesel;Muli;[mu:li];
Maulaffen feilhalten;Kalender zählen, stieren, zahnen;[kalendàzäin, schdiàn, za:nà];
Maulwurf;Scher;[sche:à];
Maulwurfshügel;Scherhaufen;[sche:àhauffà];In unserm Gartn san so vui Scherhauffa!
Mäuschen;Mauserl,;[mausàl, maisàl];
Meerettich;Kren;[gre:];
Mehlhandlung;Melberei;[mäiwàrai];
Meise;Meiserl, Zizibä;[moàsal, zizibä:];Schaug, do hockt a Moasal!
Melkeimer;Selchter;[säichddà];
melken;melchen;[mäichà];
Mange, ganze;Haufen, haufenweis;[hauffà, hauffàwais];
menschenscheu;leutscheu;[laidschai];Unser nachbar is recht leutscheu!
merken;gneißen, spannen;[gnaissn, schba:nà];
Messdiener;Ministrant;[minisdrandd];
Mett;Brat;[brà:d];
Meter, das;Meter, der;[mäddà];
miefen;muffeln, bockeln;[muffen, boggln];
Miesepeter;Grantler, Zwiderwurze;[grànddlà, zwi:dàwuàzn];
mild;lind;[lindd];
Milch;Millli, Milch;[mille, muich];
Milchkanne;Millibitsche;[millebidschn];
Mirabellen;Kriecherl;[griàchàl];Unser Griachalbaam is scho drei Meter hoch.
missmutig;gstinkert, grantig;[gschdingàd, grànddig];
Mistkübel;Aschenkübel;[aschnki:we];
mitbekommen;mitkriegen;[mi:dgriàng];
mitkommen;mitgehen;[mi:dge:];
mittlerweile;derweil;[dàwai];
Möchtegern;Adabei;[à:dàbai];Du bist so a Adabei!
modern;neumodisch;[naimodisch];
Möhre;gelbe Rüber;[gäiweruàm];
mollig;mollert;[mo:llàd];
Montag;Mahder;[mà:dà];Am Maada seng ma uns wieder.
Morgen;Frühe;[frià:, fruà:];
Morgen (Land);Tagwerk;[dågweàgg];
morgens;in der Frühe;[indàfrià:, indàfruà:];
Mostrich;Senf;[sembfd];
Mücke;Mucke, Stanze, Schnake;[muggn, schdanzn, schnaggn];
müffeln,;muffeln, bockeln;[muffen, boggln];
mühen, sich;fretten;[freddn];
mulmig;anders, zweierlei;[andàs, zwoàràloà];Bei dem neimodischn Glump werds mia ganz zwoaraloa.
Mülltonne;Aschentonne;[aschndona];
Mund;Gosche, Bappe, Fotze, Letsche, Maul;[goschn, bàbbm, fozzn, lädschn, mai];
Mundharmonika;Fotzhobel;[fo:zhowe];Aufm Fotzhobe konn I scho schee spuin!
Murmal;Schusser;[schussà];
Murmeltier;Mankerl;[mànggai];
mürrisch;grantig, hantig;[grànddig, hànddig];
Musik;Musi;[muse];
Musikantentreffen;Heimgarten;[hoàgarddn, hoàgàschdd];
musizieren;aufspielen;[aufschbuin];Musikantn, spuits auf!
Mut, der;Schneid, die;[schnaid];I werd dir d Schneid glei obkaffa!
Mutter;Mama, Mam;[màmà, mà:m];
Mutterschwein;Sau, Loas;[sau, loàs];
Mütze;Haube, Kappe;[haum, kàbbe];
na denn;alsdann;[åisdann];
nach (Ortsangabe);auf München hinein;[aufmingànäi];Fahr ma auf Minga nei.
nach und nach;bröckerlweis, zietzerlweis;[breggàlwais, zi:zàlwais];
nachhause;heim;[hoàm];
Nachhauseweg;Heimweg;[hoàmweg];
nachher;später, nachert;[schbà:dà, nachà];
Nachkomme;Fechser;[fäxà];Meine Fechser gengan scho in d Schui.
nachsehen;nachschauen;[nåchschaung];
Nachtisch;Nachspeise;[nåchschbais];
nachts;bei der Nacht;[baidànåchd];Bei da Nacht is er dann endlich kema.
Nackedei;Nackerfrosch, Nackerbätzerl;[naggàfro:sch, naggàbä:ze];
nackt;nackert;[naggàd];
nagen;fieseln, kiefeln;[fi:sln, ki:fen];I fiesld an Apfebutzn owei ganz ab.
Nähe;Nachert;[nà:chàd];Mei Bruada wohnt ganz in da Nachert.
näher;nacherter;[nà:chàdà];
Napfkuchen;Gugelhupf;[guglhubbf];
naschen;schlecken;[schläggà];Hast scho wieder gschleckt!
Nebel;(Nebel);[nä:we];
necken;tratzen, pflanzen, aufziehen;[dràzzn, bflànzn, aufziàng];Mechts du mi pflanzn?
nein;naa;[nà:];
Nelken;Nagerl;[nà:gàl];De Nagerl san no ganz frisch.
Nesseln, sich hineinsetzen;sich einen Schiefer einziehen;[schi:fà];O mei, do hob i an Schiefer neizogn.
neulich;letzhin, neulings;[lezdings, nailings];
Neun, die;Neuner, der;[näinà];In meiner Jahrzahl is a Neina drin!
neunmalklug;siebengescheit;[si:mgschaid];Du bist scho a siebnscheide!
nicht;ned;[ne:d];
nicht mehr;nimmer;[nimmà];
nicht wahr?;gell, gelln S;[gäi, gäins];
nichts;nix;[nix];
Nichtsnutz;Hamperer, Haubentaucher, Lalle;[hambbàrà, haumdauchà, lalle];Dei neia Freind is vielleicht a so a Hampara!
nie mehr;nimmer;[nimmà];
niedergeschlagen;dasig;[dà:sig];Heid schaugst aber dasig aus.
nieseln;nasseln;[nàssln];
Niete (Los);Nixerl;[nixàl];
Nordhang;Winterleite;[winddàlaiddn];
nörgeln;raunzen, benzen, mampsen;[raunzn, benzn, màmbbsn];
Nudelholz;Nudelwalker;[nu:lwåiglà];
Null, die;Nuller, der;[nullà];
nur;grad, bloß;[gråd, blo:s];Des is ja grod a Gspass!
nützlich;gewandt, gescheid;[gwànnd gschàid];A Dampftopf is a gwandte Sach!   
Obdach;Daheim;[dàhoàm];De arma Leid, de ham olle koa Dahoam mehr!
oben an;ganz oben;[ganso:bn];
oben auf;zu oberst;[z:obàsd];De greane Mappn liegt zoberst!
obendrein;außerdem, überhaupt;[aussàde:m, iwàhaubbds];
Ober;Kellner;[käi:nà];Ruaf amoi am Kellna!
Oberlicht, das;Oberlichte, die;[owàliachdn];
Oberschicht;Großkopferte;[gro:skopfàde];
obgleich;obwohl;[obwoi];
obschon;obwohl;[obwoi];
Obsthändler;Obstler;[obsdlà];
Obstkiste;Steige;[schdaign];Drei Steign Äpfe bittscheen!
Ochsenknecht;Ochserer;[oggsàrà];
öffnen;aufmachen;[aufmachà];
Ofendetzer;Hafner;[håfnà];
Ohrfeige;Schelle, Watsche, Fotze;[schäin, wàdschn, fozzn];
ohrfeigen;eine schmieren, schießen, runterhauen, reinhauen;[schmian, schiàssn,åwàhaun, neihaun];I schmier da glei oane!
O.K (okey);passt scho, meinetwegen, meinethalben;[bàssd scho, meinàdwegn, meinàdhåim];
Oktave;Oktav;[oggdàf];
ojemine;o mei, o jeggerl;[omäi, ojäggàl];
Omelette, das;Pfannenkuchen;[bfa:nàkuàchà];
ordentlich;gescheit, sauber, anständig;[gschaid, saubà,anschdändi];Dua dei Hausaufgab gscheid macha!
ordinär;geschert;[gscheàd];
Original;Urviech;[uàfi:ch];
Pack;Bagage;[bàgà:sch];
Päckchen;Packl, Packerl;[bàggl, bàggàl];
Paniermehl;Semmelbrösel;[se:mebrä:sl];
Pantoffelheld;Simandl, Lalle, Lapp, Doite;[si:màndl, lalle, labb, doidde];So a Simandl mog I ned!
Pappe;Papperdeckel;[babbàdegl];
Pärchen;Paarl;[bà:rl];D Leni und da Steff san a scheens Paarl!
Pate;God;[go:d];
Patin;Godei, Godin;[go:dai, go:din];
paucken (lernen);ochsen;[oxn];
Pausensnack;Brotzeit;[brozaid];
Pech haben;in den Dreck glangen;[indre:glangà];Mit dera neie Arbat hod da Huaber sauber in Dreck glangt!
peinlich (jemandem);arg zuwider;[argzwi:dà];
Peitsche;Geißel;[goàsl];
peitscheknallen;geißelschnalzen;[goàslschnåizzn];
Pelle;Haut, Schale, Rinde;[haud, schåin, rinddn];
pellen,;abschälen, schälen;[åbschäin, schäin];Du muast ma no an Apfe obschäin!
Pellkartoffel;gekochte Erdäpfel;[kochdeeàdebfe];
penibel;akkurat;[àggràdd];
Penis;Zipfel, Zipferl, Schwanz, Schwengel, Riemen;[zibfe, zibfàl, schwanz, schwengl, reàmà];
pennen;schlafen, nafetzen;[schlaffà, nafezzn];
Penner;Sandler, Grattler;[sàndlà, gràddlà];
peppig;fetzert;[fäzzàd];I find des gstreifte Auto fetzert!
Person;Leut, das;[laid];Mei Basl war a christlichs Leut!
Petersilie;Peterl, Petersil;[bädàl, bädàsui];Dua fei an Peterl in d Suppn nei!
Petze;Verklaghaferl, Verpritschhaferl;[fàglåghà:fàl, fàbridschhà:fàl];
petzen;verklagen, verpritschen;[fàglågn, fàbridschn];
Pfaffenhütchen (Pflanze);Pfarrerkapperl;[bfaràkàbbe];
Pfahl;Stempen;[schdembm];
Pfannkuchen;Pfannenkuchen;[bfanàkuàchà];I mog an Pfannakuacha mit Mamalad.
Pferd;Ross, Gaul;[ro:s, gaul];
Pferdeäpfel;Rossbollen;[ro:sboin];
Pferdeknecht;Rosserer;[rossàrà];Mei Großvater war friara a Rosserer.
Pfifferling;Reherl, Eierschwammerl;[rächal, oàrschwàmmàl];
Pflaumen (klein, rund);Kriecherl;[griàchàl];
Pflaumenblechkuchen;Zwetschgendatschi, Datschi;[zwedschgndà:dschi, dà:dschi];
Pflock;Stempen;[schdembm];Fahr ma fei ned sen Stempn um!
pflücken;brocken;[broggà];
pflügen;ackern;[aggàn];
Pfosten;Stempen;[schdembm];
Pfropfen;Stopsel;[schdobbsl, schdebbsl];
Pfütze;Lacke;[laggà];Steig ned in de Lacka nei!
Pickel;Wimmerl;[wimmàl];
picken;pecken;[bäggà];
piesacken;schinden, sekkieren, in der Reißen haben;[schinddn, säggiàn, indàraissnhåm];Dei junger Hund hod mi sauber in da Reissn ghabt.
Pilz;Schwammerl;[schwàmmàl];
Pilze sammeln;in d Schwammerl gehen;[inddschwàmmàlge:];Mit dir geh I gern in d Schwammerl.
Pinsel;Bemsel, Waschel;[bemsl, wàschl];
pissen;siehe urinieren;;
pitschnass;waschelnass, wie eine getaufte Maus;[wàschlnå:s, wià à daufdemaus];
Plage;Gfrett;[gfredd];
plagen;sich fretten;[freddn];
Plane;Plache;[blåchà];Wenns regnt, spanna mia a Placha über s Feld.
planschen;plantschen, pritscheln;[blanddschn, briddschln];
Planwagen;Plachenwagen;[blåchàwång];De oidn Cowboys san im Plachawagn gfahrn.
platt;bretteleben;[bre:le:m];
platt drücken;derdatschen;[dàdà:dschn];
plaudern;ratschen;[rà:dschn];
Plaudertasche;Ratschekattl;[rà:dschkàdl];
Pleite machen;auf die Gant kommen;[aufgànddke:mà];
plötzlich;auf einmal;[aufàmåi];I hob drei Stückl Tortn gessn. Auf amoi is mir schlecht woan…
pochen;pumpern, boußen;[bumbbàn, båussn];
Pökelfleisch;Surfleisch;[suàflaisch];
pökeln;suren;[suàn];
Polster, das;Polster, der;[boisdà];
poltern;pumpern;[bumbbàn];Hör amoi auf zum Pumpern!
Popel;Rammel, Wuckerl, Nasenwuckerl;[rà:me, wuggàl, nåsnwuggàl];
popeln;nasenbohren;[nåsnboàn];
Pott;Hafen, Tiegel;[hå:fà, de:gl];Da große Tiegl hängt an da Wand.
praktisch;gewandt;[gwàndd];
prima;pfundig, bärig, zerm;[bfundig, beàrig];
Prime;Prim;[bri:m];
Promenadenmischung;Stiegengeländerrasse;[schdiàngglànddàràss];D Heidin hod a Stiangglanddarass.
Prominenter;Großkopferter;[gro:skobfàdà];
proppenvoll;gesteckt voll;[gschdeggdfoi];
provozieren;anmachen;[o:machà];
Prügel;Strixen;[schdrixn];
Pudelmütze;Pudelhaube;[bu:dlhaum];
puhlen;kletzeln, bohren;[gläzln, boàn];Dua ned oiwei kletzln!
Pulswärmer;Armstutzerl;[armschdu:zàl];
Pummelchen;Pummerl;[bummàl];
Pünktchen;Tüpferl;[dibbfàl];Da Uschi ihra Ross hod lauter braune Tipferl.
pünktlich sein;da sein wie ein Zeiger;[dåsäiwiààzoàgà];Da Lugge is oiwei do wia a Zoaga.
Püppchen;Pupperl;[bubbàl];
Puppe;Docke, Dockernandl;[doggà, doggànànndl];
Pups;Scheiß, Backs;[schoàs, baggs];
pupsen;scheißeln, backseln;[schoàssln, scheàssln, baggsln];I mog des ned, wennst oiwei so scheasslst!
Puste;Schnauferer;[schnaufàrà];
Pustekuchen! (Ausruf);Ja Schnecken!;[jaschneggn];
Pustel;Eiss;[oàss];
pusten;blasen;[blåsn];Unser Bua blast in sei Trompetn nei, weil er bei da Blasmusi is.
Pusterohr;Blasrohr;[blåsroà, blåsreàl];
Puter;Bibgockel, Truthahn;[bi:bgoggl, dru:dha:n];
;;;
quabbelig;teigig;[doàgàd];Wenn ma so vui isst, na schaugt ma recht doagad aus!
Quacksalber;Murkser;[muàksà];
quadratisch;viereckig;[fiàreggàd];
quäken;kirren;[kiàn/kirrn];Dua ned gar aso kirrn!
quaken;gagetzen;[gagedsn];D Frösch gagezn heid aber wieder laut!
quälen;sekkieren, schinden;[sekkiàn, schindn];Mei Bua sekkiert mi gern.
Quälgeist;lästiges Wimmerl;[läsdigs wimmàl];
Quark;Topfen;[Dobbfà];
Quartal;Vierteljahr;[fiàdljo:r];
quasseln;ratschen, schnattern, bappeln;[rà:dschn, schnådàn, babben];
Quasselstrippe;Ratschkattl;[Rà:dschkà:dl/;
;;Rà:dschkàddl];
Quatsch;Schmarren, Käse, Blödsinn;[schmarrn, kà:s, blädsinn];
quängeln;benzen, treiben, gnaunzen;[benzn/benxn, traim, gnaunzn];Hör amoi auf mit dem Benzn!
Quängler;lästiges Wimmerl;[läsdigs wimmàl];
Quentchen;a Bisserl, Muckenbritscherl;[à bissàl];Mei neie Hosn is um a Mucknbritscherl z kloa.
;;[muggnbridschàl];
quicklebendig;lebfrisch;[le:bfrisch];
quietschen;pfeifen, kieren, quicksen;[bfàiffà, kiàn, gwiggsn];Wenn de Nachbarskinde ned oiwei so kirrn dadn!
Quinte;Quint;[gwindd];
Quirl;Schneebesen;[schnä:bäsn];
Rabenkrähe;Kräh;[gråuà];
Radio, das;Radio, der;[ràdio];Mach amoi dein Radio aus, der is furchtbar lez!
;der Radioapparat;;
raffgierig;ruchert;[ruàchàd];
raffiniert;ausgefuchst, derfault;[ausgfuggsd, dàfaid];Der Motor is ausgfuchst.
Raffzahn;Ruch;[ruàch];
Rain;Roa;[roà];
rappelvoll;gesteckt voll;[gschdeggd foi];
Rapunzel (Salat);Feld-, Nissel-, Vogerlsalat;[fäid, nissl, fogàlsålåd];
rasch;geschwind, schleunig;[gschwind, schläini];Iatz, mach gschwind!
rasen;reisen, rumpeln, pretschn;[roàsn, rumbben, brädschn];Da Pauli is wia a Narrischer naufpretscht.
Rasierpinsel;Waschel;[wà:schl];
Rassel;Schepperl;[schä:wàl];Gib dem Butzal des Schewal!
Rathaus;Gemeinde;[gmoà];
Ratte, die;Ratz, der;[radds];
ratzekahl;radibutz;[ràdebuzz];
Räucherkammer;Selch;[säich];
räuchern;selchen;[säichà];
Rauchfleisch;Geselchtes, Geräuchertes;[gsäichds, graichàds];
rau;wax, raubollert;[wàx, raubollàd];As Stoppefeld is wax.
Rausch;Walgler, Suri, Ruß;[wåiglà, su:re, ruàs];
realisieren;kapieren, spannen;[kabbiàn, schba:nà];
Regenguss, -Schauer;Duscher, Duscherer;[duschà, duschàrà];
Rehgeweih;Gwichtl, Krickerl;[gschwichdl, griggàl];
Reibe, die;Reibeisen, das;[raibaisn];
Reibekuchen;Reiberdatschi;[raibàdàdschi];I mog zu de Reiberdatschi a Apfemuas.
reich;gespickt, geldig;[gschbiggd, gäidig];
reichen;glangen;[glangà];
reif (Obst);zeitig;[zai:di];
Reineclaude;Griecherl;[griàchàl];Unser Griachalbaam bliahd heier schee.
Reise;Roas;[roàs];
reisen;roasen;[roàsn];Geh weida, roas ma auf Italien.
Reisig;Daxen;[dàxn];
Regenpfütze;Wasserlache, Lache;[wassàlaggà, laggà];
Reifen;Roaffa;[roàffà];
rennen;reisen, rumpeln, sausen, fetzen;[roàsn, rumbben, sausn, fezzn];
Rettich;Radi;[rà:di];
Richtfest;Hebweih;[he:wai, hebwai];Beim Nachbarn sein Stadl is heid Hebwei.
riechen;schmecken;[schmeggà];
Rinderbraten;Rindsbraten;[rindsbrå:n];
ringen (sportl.);rankeln;[rànggän];
Ringer;Rankler;[ràngglà];Da Nepomuk is a oida Rankler.
Rinnstein;Randstein;[randschdoà];
Rock (Frauen);Kittel;[ki:dl];
Rock (Sakko);Joppe, Frack, Jacke;[jobbm, fràgg, jàggn];
Rohrnudel;Buchtel, Wuchtel;[buchdl, wuchdl];
rollen;walken;[wåigln];
Rollholz;Nudelwalker;[nu:lwåiglà];Zum Platzerlbacha brauchst an Nudlwoigler.
Rosine;Weinbeere;[wäibeàl];
Röstkartoffeln;Geröstete;[grä:sde];
rote Bete;rote Rübern, Rannen;[rode ruam, ra:nà];
Rotkohl, der;Blaukraut, das;[blaugraud];
Rotz;Rotzglocke;[ro:dsgloggn];
Rotzbengel;Rotzlöffel, Rotzbub;[ro:dsleffe];
rubbeln;reiben, riebeln;[raim, ri:wen];
Rücken;Buckel;[buggl];
Rückentrage;Kraxe;[gràxn];
Rücken, auf dem;buckelkrax;[bugglgràx];
rückwärts;arschlings;[àrschlings];Da Sepp is arschlings an Zaun higfahrn.
ruhig;staad;[schdà:d];
Rührkuchen;Gesundheitskuchen;[gsundhaidskuàchà];
rülpsen;koppeln;[kobben];
Rülpser;Kopperer;[kobbàrà];
Rummel;Dult, Volksfest;[duidd, foigsfesd];
rundherum;umherum, rundumherum;[ummàdum, rundummàdum];
Runkelrübe;Saurübe;[sauruàm];
runterhauen (eine);aufstreichen, schmieren;[aufschdraichà, schmiàn];
Rüschen;Rüscherl;[rischàl];Des Kleidl hod ma zvui Rüscherl!
rütteln;nackeln;[nàggln];
Sahne, die;Schlagrahm, der;[schlågrà:m];So a Schlograhm is wos feins!
Sängertreffen;Singerts;[singàds];
Sauerkirsche;Weichsel;[weixl];
Schafbock;Schafhammel;[schå:fhàmme];
scharf;rass;[ràss];Der Senfd is aber rass!  
Schaukel;Hutsche;[huddschn];
schaukeln;hutschen;[huddschn];
Schelm;Schlankel;[schlànggl];Du werst so a Schlankl sei!
Scherz;Gaudi, Spasettl;[gaudi, schbàssäddl];
schief;schäpps;[schäbbs];
schielen;schirgeln;[schiàgln];
schielender;schirgelnder;[schiàglàdà];
schimpfen;granteln, belfern,;[grànddln, bäifen];Nicht nur grantln gibt es bei den bairischen Schimpfwörtern.
Schlafanzug;Nachtgewand;[nåchdgwand];I leg iatz as Nachtgwand o.
schlaff, schlapp;schwelch;[schwä:ich];Vo dera Bergtour bin i ganz schwelch!
schlaftrunkern;traumhappert;[drà:mhàbbàd];
Schlag (laut);Pumperer;[bummbàrà];
Schlawiner;Batzi, Schlawuzi;[bà:zi, schlàwuzi];
schlecht gelaunt;grantig;[grànndig];
schlechte Laune;Grant;[grànndd];Host du heid an Grant!
Schleuder;Zwistel;[zwisdl];
schleudern;schlenzen;[schlenzzn];
schließen;zumachen, sperren;[zuàma:chà, schbàrrn];
Schluckauf;Schnackler;[schnàgglà];
schlüpfen;schliefen;[schliàffà];
Schmalzgebäck;Ausgezogene, Nudeln, Striezeln;[auszo:nge, nu:ln, schdri:zln];
Schmerz;Wehdam;[wä:dam];I hob heid so an Wehdam!
Schmerzen;Wehdam;[wä:dam];
schmollen;eine Bappe ziehen, ein Bepperl machen;[à bàbbm ziàng, à bäbbàl ma:chà];
schmuggeln;schwärzen;[schwäàzn];Des is a gschwärzter Schnaps!
Schmutzfleck;Fleck;[fle:g];
schmutzig;dreckig;[dre:gàd, dre:ggi];
schneefrei;aper;[à:bà];
schneien;schneiben;[schnaim];
schnell;gaach;[gà:ch];
Schnuller;Ditzel, Ditzi;[di:zl, di:zi];
Schnürsenkel;Schuhbänder;[schuàbàndl];Deine Schuahbandl san auf!
Schnupfen;Katarrh;[kàdà:r];
Schnupftabak;Schmalzler. Schmai;[schmåizlà, schmai];
schnurgerade;pfeilgerade;[bfaigrå:d];Der hod pfeigrod an Oansa in Mathe!
schreien;plerren;[bläàn];
schreiend;plerrend;[bläàràd];
Schultasche;Schulranzen, Ranzen;[schuiranzzn, ranzzn];
Schuppen, der;Schupf, die;[schubbf];
Schürze (Frauen);Führtuch;[fiàddà];
Schürze (Männer);Schaber;[schà:wà];
Schürzenjäger;Weiberer, Gigerl,;[waiwàrà];
schwabbelig;teigig;[doàgàd];Mein Schuinachbar is a ganz doagiger!
Schwächling;leere Hose, Krisperl;[là:re hosn, grischbàl];
Schweinebraten;Schweinsbraten;[schwainsbrå:n];
schwerhörig;dorad;[do:ràd];
Schweiß;Schwoaß;[schwoàs];
schwierig;schwer;[schwà:r];So a Arbat, de is schwaar!
Sechs, die;Sechser, der;[se:gsà];
sehen;schauen, spitzen, lurren;[schaung, schbizzn, luàn];
sehr;gescheit, hübsch, unbändig, recht, närrisch, sakrisch;[gschaid, hibsch, unbàndi, rechd, nà:risch, sàggrisch];I bin hibsch miad, weils heid scho unbandig spaat is.
selbst;selm;[säim];
selbstbewusst;geradig;[grådig];
Senf;Senft;[sembfd];Muast du oiwei dein Senft dazua doa?
Sense;Sans;[sàns];
sicher;gewiss;[gwi:s];
Sieben, die;Siebener, der;[si:mà];
Simon;Simmerl;[simmàl];
Single;Einschichtige/r;[oàschichdige/à];In dera Hüttn lebt a Oaschichtiger.
Socke, die;Socken, der;[soggà];
Sohn;Bub;[buà];Unser Bua geht ins Gymnase.
spalten;klieben;[gliàm];
Spaß;Gaudi, Spasettl;[gaudi, schbàssäddl];
Spezialität;Schmankerl;[schmànggàl];
Spiegelei;Ochsnaug;[oxnaug];
spiegelglatt;spiegelheiter, hei;[schbiáglhoádda, hai];Gestern wars wieder recht spiaglhoadda drauß, recht hei!
Spiel;Gespiel, Gspielei;[gschbui, schbi:lai];Host an Glust auf a Gspielei?
Spinner;Teigaff;[doàgaff];
Spitze, die;Spitz, der;[schbi:z];
Spottlied;Gstanzl (das);[gschda:nzl];Mia machan für Sie Gstanzl.
Sprüche;Pflanz;[bflànzz];Her ma doch auf mit deine Pflanz!
Sprüchemacher;Schmarrenkübel, Krampfhenne;[schma:nki:we, grammbfhe:nà];
Stechpalme;Waxlawa, das;[wàxlàwà];Am Grab drauß hob I Waxlawa pflanzt.
Steig (Berg);Gangsteigerl;[gangschdaigàl];
Steigeisen (klein);Grödel;[grödl];
steil;gaach;[gà:ch];
stibitzen;dacheln;[dà:chen];Wer hod denn mein Schoklad dachelt?
stinken;bockeln;[boggln];
stöhnen;gronen;[gro:nà];
stören;im Weg rumgeh, irren;[imwe:grumge:, irrn];Irrd Di des Kastl do, na schiab is weg.
stoßen;boußen;[boussn];
Straßenbahn;Trambahn;[dramba:n];
streuen;straahn;[schdrà:n];Im Winter miass ma straahn.
Strom (el.);Elektrische, das;[äledrische];
Stufe;Staffel;[schdàffe];
süß;siass;[siass];
Süßwaren;Schleckerts, Schleckzeug;[schläggàds, schläggzaig];Host scho wieder so vui Schleckzeig griagt!
Tante-Emma-Laden;Kramer, Kramerladen;[gra:mà, gra:màlå:n];
Taschentuch;Sacktuch, Schneuztuch;[så:gduàch, schnaizduàch];Wo hast denn dei Sacktiachal?
Tasse, groß;Haferl;[hà:fàl];
taub;dorerd;[do:ràd];Bist denn du dorad?
Taufpate;God;[go:d];
Taufpatin;Godei, Godin;[go:dai, go:din];
tauen;leinen;[lainà];
Taugenichts;Hamperer, Haubentaucher, Konixl, Haderlump;[hambbàrà, haumdauchà, konixl, hådàlumbb];Wos host denn do für an Hampara dabei?
Tausend;Tausad;[dausàd];
Tausendsassa;Genierl;[schàniàl];Oiso, du bist wirklich a Schanierl!
Taxifahrer;Taxler;[dàxlà];
Teich;Lache, Weiher;[laggà, waià];
Teller, der;Teller, das;[dällà];
Terze;Terz;[derz];
testen;probieren;[brobiàn];Probier amoi den Kuacha!
Teufel;Deixel, Huraxdax, Sparifankerl;[daixl, huràxdàx, schbàrifànggàl]];
Theke;Budel;[bu:dl];An da Ladnbudl gibts Guatl!
Ticket;Bilettl;[biläddl];
Tier;Vieh;[fi:ch];
Tierarzt;Viehdoktor;[fi:chdoggdà];
tierchen;Vieherl;[fi:chàl];
tierlieb;viehnärrisch;[fi:chnà:risch];De Anna-Tant is ganz viechnarrisch!
Tischler;Schreiner, Kistler;[schrainà, kistlà];
toben;umfetzen;[umfäzzn];
Tochter;Dirndl, Madl;[diàndl, mà:dl];
Toilette;Kloo;[glo:];
Toilettenpapier;Kloopapier;[glo:babià];
Tomate;Paradeiser;[baradaisà];
toll (positiv);gescheid, prima, gewandt, geführig;[gschaid, bri:ma, gwàndd, gfià:rig];Des Verserl host prima gmacht!
toll (negativ);gspinnert, deppert;[gschbinnàd, debbàd];
Tollpatsch;Patscherl, Dalk, Lattierl;[bådschàl, dåigg, laddiàl];
Ton, aus;irdern;[irdàn];I mecht a irderns Haferl!
Topf;Hafen;[Hå:fà];
Töpfer;Hafner;[Hå:fnà];
trächtig;tragend;[drågàd];
Traktor;Bulldog, Schlepper;[buidogg, schläbbà];
Trampel;Dotsch, Dotschen;[do:dsch, do:dschn];Dei Schwester is aber scho a Dotsch!
Tränen;Zacherl, Wasserburger;[zàchàl, wassàbuàgà];
Trauerkloß;fade Molln, Leimsieder, Fadian;[fà:de moin, loàmsiàdà, fàdian];Unser Lehrer is a fade Molln!
Trecker;Bulldog, Schlepper;[buidogg, schläbbà];
Treppe;Stiege;[schdiàng];
Treppengeländer;Stiegengeländer;[schdiàngglànddà]];Rutsch ma as Stiegnglander owe?
Tresen, der;Schenk, die;[schengg];
triefen;tropfen;[drobbfà];
trietzen;sekkieren;[seggiàn];Du mi ned oiwei so sekkiern!
Trikot;Leiberl;[laiwàl];  
trocken;drucka, dricke;[druggà, drigge];De Bleamen san scho ganz dricke!
trocknen;dricken;[driggen];
trödeln;tritscheln, rumzipfeln;[dridschln, rumzibfen];Wos zipfest denn Du aso rum?
trotzdem;denascht;[de:nàschd];
Trotzkopf;Sturschädel;[schduàschä:l];
Trunk;Trankerl;[drànggàl];
Truthahn;Bibgockel;[bi:bgoggl];
Tschüss;Servus, Pfia Gott, Pfiat Di;[serwus, bfiàgod, bfiàddi];
Tuba;Bombardon;[bommbàdon];Da Schorsch spuid an Bombardon.
Tümpel;Gumpe, Lache, Weiher;[gumbbn, laggà, waià];
tun;doa;[doà];
Tunke;Tauch;[dauch];Zu de Buchtln mod I an Kerschdauch.
Tunnel, der;Tunell, das;[dunnäi];
Türrahmen;Türstock;[diàschdog];
Tüte (Papier);Stranize;[schdrànizn];
übereilt handeln;hudeln;[hu:dln];Dua ned so hudln!
überfahren, jemanden;zamfahren;[zammfa:n];Bass auf, dass Di koana zsammfahrt!
übergeben, sich;speien;[schpaim];Iß ned so vui Kuacha, sunst muast speim!
übermütig;aufgedreht;[aufdrà:rad, aufdrà:d];Du bist heid wieder aufdraarad!
übertrumpfen;tupfen;[dupfà];Beim Kartnspui dua i Di dupfa!
Ulk;Gaudi, die;[Gaudi, Gschbàss];Des war grod a Gspass!
;Spaß, der;;
ulkig;gpassig;[gschbàssig];
umarmen;halsen;[håisn];
umgänglich;handsam;[handsam];
umher;umeinander;[ummànandà];
umpflügen;umackern;[umaggàn];
Umstände machen;Tanz machen;[dànz];mach koane Danz!
Umstandskramer;Krauderer;[graudàrà];Du bist ma so a Graudara
Unannehmlichkeit;Geschiss, Gescherr;[gschi:s, gscheà];
unartiges Kind;Rotzlöffel, Hundsbankert, Hundskrüppel;[rozleffe, hundsbangàd, hundsgribbe];
unbehaglich;zweierlei, ungut, anders;[zwoàràloà, unguàd, andàs];
unbeholfen;dalkert;[dåikàd];
ungehobelter Kerl;Schliffel, Büffel;[schliffe, biffe];
ungemütlich;letz;[lez];Heid san d Fliagn wieder lez!
unlängst;zunächst, neulings;[znàchst, nailings];
Unmut;Grant;[grànnd];
Unrat;Glump, Graffel;[glummp, gràffe];
unruhiger Mensch;Springingerl, Nervöserl;[schbringgingàl, nervesàl];
unrund;oakad;[oàggàd];
uns;ins;[ins];Ins gehts heid guad!
Unsinn;Krampf, Schmarren, Käse;[grambbf, schmarrn, kà:s];   
unterhalten, sich;diskurieren;[dischgriàn];
Unterhose;Pumperer,;[bumbbàrà];
unvermittelt;auf den Schlag;[aufnschlåg];Da Meier is auf n Schlag reich worn.
unverschämt;ausgeschämt;[ausgschà:mt];
unverschämter Mensch;Rüpel, Lackel, Hammel;[riàbbe, làggl, hà:mme];
Unwetter;Wetter;[we:dà];Heid kimmt no a Weda!
Urin;Biesel, Seich, Wiesi;[bi:sl, soàch, wi:si];
urinieren;bieseln,seichen, zinseln;[bi:sln, soàchà, zinsän];I miassad zerst zum Zinsän!
Vagabund;Strawanzer;[schdràwànnzà];Dei Hund is a Strawanzer!
Veilchen;Veigerl;[fàigàl];
verabreden;ausmachen;[ausmachà];Wann mach ma amoi wos aus?
verabscheuen;dick haben,;[digg håm, gfressn håm];Des neimodische Glump hob i gfressn!
;gefressen haben;;
veralbern;derblümeln;[dàbleàmen];
verarschen;derblecken;[dàbläggà];
verdorren;derdürren;[dàdi:rn];Giaß deine Bleamen, sunst dadirns da!
verdunsten;ausrauchen;[àsrà:chà, ausrà:chà];
verdurtsen;derdursten;[dàdurschdn];
Verehrer;Tschamsterer;[Dschàmsdàrà];De oid Kath hod an neia Tschamstara.
verenden;eingehen;[äige:];
vererben (Hof);übergeben;[iwàge:m];Da Unterholzer hod letzts Johr scho an de Junga übergebn.
vererben (allgemein);vermachen;[fàmachà];Ob ma mei Tant des ganze Geld vamacht?
vergeuden;durchbringen;[duàchbringà];Da Schaidä hod as ganze Sach durchbrocht!
verkleckern;vertrenzen, versauen;[fàdrenzn, fàsaun];Schaug, dei Blusn is ganz vatrenzt!
verknacksen;umschnackeln;[umschnàggln];
Verlangen;Glust;[glusd, gluschd];
verleiten;angangerln;[o:gànggàln];Dua mi ned oganggerln, i mog ned!
verletzen;weh tun;[wä: doà];
vermitteln;schmusen;[schmu:sn];
Vermittler;Schmuser;[schmu:sà];
vermöbeln;verdreschen, verhauen;[fàdräschn, fàhaun];
Veronika;Vroni, Nini;[fro:ne, ni:ne];
verpetzen;verpritschen, verpfeifen, hinhängen;[fàbriddschn, fàbfaiffà, hi:hengà];Den Diab hob i sauba vapritscht!
verraten;verkaufen;[fàkàffà];
verrenken;auskugeln, ausschnackeln;[auskugln, ausschnàggln];
verrückt;gspinnert, übergeschnappt, narrisch;[gschbi:nàd,  iwagschnabbd, nà:risch];
verschämt;gschamig;[gschà:mi];As Marai is no ganz vaschaamt.
verschließen;zusperren, zumachen;[zuàschbà:rn, zuàmachà];
verschnaufen;ausrasten, verschnaufen;[ausrasdn, fàschnaufà];
versorgt sein;gut aufgehoben sein;[guàd aufko:m säi];mit da neia Haushälterin is unser Pfarrer guad vasorgt.
verspotten;derblümeln;[dàbleàmen];
versuchen;probieren;[brobiàn];Probier amoi des Eis!
verunglücken;derbröseln;[dàbrä:sln];
verwahrlosen;herunterkommen;[runddàke:mà, åwàke:mà];
verwahrlost;heruntergekommen, grintig, verhaut;[runddàke:mà, åwàke:mà, grindde, fàhaud]];De Hüttn is ganz owakema.
verwenden;hernehmen;[heàne:mà];Des is no guad, des komma no hernehma!
Vier, die;Vierer, der;[fià:rà];mia ham in da Postleitzahl an Vierer drin.
Viertelliter;Quartl;[gwàrddl];
Virus, das;Virus, der;[wi:russ];
vor Ort;an Ort und Stelle,;[an ordd und schdäi,;
;am Ort;am ordd];
vorgeben;so tun, wie wenn;[so doà, wià wenn];Da Nachbar duad, wia wenn er da gscheida waar!
Vorsicht;Obacht;[owachd];
Vorteig;Dampferl;[dàmbbfàl/dàmbbfä];
vorüber;vorbei, umher, herum;[fàbai, umme, rum];
Wacholder;Kranewitt;[Grànàwidd];
Wacholderbeere;Kranewittbeere;[Grànàwiddbeàl];
wackeln;nackeln;[nàggln];Warum nacklst du oiwei am Tisch?
Wade, die;Wadel, der;[wà:dl];D Lene hod se oan Wadl prellt.
wagen;sich trauen;[drau:n];
Wagenbauer;Wagner;[wångà];
Wagenschuppen;Remise;[remi:sn];
wählerisch;gschleckert, heikel, extrig;[gschläggàd, hoàggl,äxtrig];Dei Bruada is fei a recht a Gschleckada!
Waisenkind;Waiserl;[woàsàl];
Walnuss;Welschnuss;[Wäischnuss];
walzen;walgeln;[wåigln];Den Doag muast no woigln.
Wandmalerei;Liftlmalerei;[liffdlmalàrai];
Wange, die;Backen, der;[baggà];Mei Backa duad weh!
Wäschaklammern;Klubberl;[glubbàl];
Waldkauz;Aufvogel;[aufogl];
Wasserbehälter (feststehend);Grand;[brunnàgrannd,o:fàgrannd];Da Kiwe loant am Brunnagrand.
;(Brunnen-, Ofen-);;
Weberknecht (Tier);Schneider;[schnaidà];
wehren, sich;sich spreizen;[schbraizzn];
Weide (Baum);Weidn;[waidn];
Weide (Viehweide);Woad;[woàd];
Weidenkätzchen;Palmkatzerl;[Båimkàzzàl, Båimkàzzl];
Weihnachtsbaum;Christbaum;[Grissbàmm];
Weihnachtsgeschenk;Christkindl;[Grisskindl];I hob a ganz a scheens Christkindl griagt.
Weihwasser;Weihbrunnen;[waichbru:nà];
weinen;blöken, zahnen, röhren, trenzen;[bläggà, za:nà, rä:àn, drennzn];
…weise;…mäßig;[màssig];I kon beispuismassig bis 2345 zähln!
Weiße, die (Bier);Weiße, das;[wUsse];
weitläufig;weitschichtig;[wUdschichdig];Da Wenzl is weidschichtig vawandt zu ins.
welcher;was für ein;[wUs fiàr à];Wos für a Depp hod mei Limonad weggschütt?
welk;schwelch;[schwä:ich];De Bleamen san scho ganz schweich!
Wels;Waller;[wallà];Da Wallerkönig is recht groß!
wenn;bal;[båi];
werfen;schlenzen;[schle:nzn];
Wespe, die;Weps, der;[wäbbs];Letzts Johr hod mi a Weps gstocha.
Weste;Leiberl;[laiwàl];
weswegen;wegen was;[wegà wå:s];
Wetterleuchten;(es tut) himitzen;[himmizzn];Rundummadum duads scho himmitzn.
wichtigtun;sich aufmanndeln, gschafteln;[aufmànndln, gschàffdln];
Wichtigtuer;Gschaftelhuber, Gschaftler;[gschàffdlhuàwà, gschàffdlà];
wickeln (Bandage);fatschen, einfatschen;[fà:dschn, äifàdschn];Geh her, i fatsch da dein Fuaß ei.
widerlich;zuwider;[zwi:dà];
Wiedersehen (auf);Pfüat Gott, Wiederschauen;[bfià go:d];Pfia God beinand, es liabn Leid.
Wildfang;Treibauf, Wildling;[draibauf, wuidling];
Wilderer;Wilderer;[wuidàrà];Friare hods am Tegernsee vui Wuidara gebn.
wimmeln;wureln;[wuàln];In da Stubn wurlds vor lauter Fliagn!
Windpocken;Schafpattern;[schåfbaddàn];
Wintergarten;Salettl;[sàläddl];Im Salettl spuid heid a Musi!
Wipfel;Gipfel;[gibbfe];
Wippe;Hutsche;[huddschn];
wippen;hutschen;[huddschn];Mogst mit mir hutschn?
Wochentag;Werktag;[Weàdà];
wochentags;unter der Woche;[unddà dà wochà];
wohlauf;munter, pumperlgsund;[munddà, bummbàlxund];
wohlgenährt;körndlgefuttert;[keàndlgfuàdàd];Am Meier sei Deandl is körndlgfuadad!
wohlhabend;geldig, eingesäumt;[gäidig, äigsà:md];
wohlschmeckend;gschmackig, gut fein;[gschmàggig, guàd, fäi];
wovon;von was;[fo wås];Vo wos hob i den Katarh?
wozu;zu was;[zu wås];Zu wos muas i Mathematik lerna?
wringen;auswinden;[auswinddn];
Wucherer;Ruch;[ruàch];
Wühlmaus;Schermaus;[scheàmaus];
Wundschorf;Ruferl, Rufernschmarrn, Bletze;[rufàl, rufànschmarrn, bläddzn];
würde;täte;[dà:d];Wenn i kannt, na daad i no studiern.
würzig;gschmackig;[gschmàggig];
wütend;fuchdig, harb, züntig, fuchsig, pelzig;[fuchdde, hà:rb, zinddig, fuxig, bäizig];Dua deine Pratzn weg, sunst wer i fuchdi!
wütend werden;aufgehen;[aufge:];
x-Beine;x-Füße;[ix-fiàss];I hob koane x-Fiass.
x-beinig;x-füßig, schelchhaxert;[ix-fiàssàd, schäichhàxàd]];Da Lugge is schelchhaxad.
Xanthippe;Fuchtl, Beißzange, Bissgurn;[fuchdl, baisszangà, bissguàn];D Huawabairin is grod a so a Bissguan wia an Huawa sei oide Stuatn!
Zacharias;Zach, Zacherl, Zachä;[zà:ch, zà:chàl, zà:chä];
Zacke, die;Zacken, der;[zackà];Do foid dia scho koa Zacka aus da Krona!
zäh;zaach;[zà:ch];
Zahnarzt;Fotzenspängler;[Fozznschbànglà];
zahnlückig;zahnluckert;[za:nluggàd];Da oid Huaber is scho zahnluckad.
Zahnschmerzen;Zahnweh;[za:nwä:];
zappeln;schlenkeln;[schlànggln];Hör amoi auf zum Schlankln!
zappenduster;stockfinstre Nacht;[schdo:gfinsdrenå:chd];
Zauntor;Gatter;[gà:dà, gå:dàn];Mach an Godan zua!
Zecke, die;Zeck, der;[zägg];
Zehn, die;Zehner, der;[ze:nà];Bei dene Hausnummern is koa Zehner dabei!
Zeisig, der;Zeiserl, das;[zaisàl];
zerdrücken;derdrücken;[dàdruggà];
zerknittern;verbuckeln, verkrüppeln;[fàbuggln, fàgribben];Dua dein Rock ned so vakrippen!
zerkratzen;derkrallen;[dàgråin];
zerkrümeln;derbröseln, derwutzeln;[dàbrä:sln, dàwuzln];
zerquetschen;dermantschen;[dàmànddschn];Host du de Fliagn damantscht!
zerstören;kaputt machen;[kabuddmachà];
zerschmettern;derbatzen;[dàbà:zn];
zerstreiten;zerkriegen;[zàgriàng];De Meierischn ham se scho wieder zagriagt!
zertrümmern (Fenster);zerschmeißen, einhauen;[zàschmaissn, äihaun];Da Jacke hod a Scheibn einghaut!
Zicken machen;ein Gestell/Gescherr machen;[gschdäi, gscheà];Mach koa so a Gstell und geh her!
Zicklein;Geißlein;[goàssàl];
Ziege;Geiß;[goàs];
Ziegenbock;Geißbock;[goàsbogg];
Ziegenkäse;Geißenkäse;[goàskà:s, goàssnkà:s];Beim Kramer hams aa an Goaßnkasa.
Ziegenpeter;Mumps, die;[mumbbs];
ziehen (an den Haaren);schopfen;[schobbfà];Dua ned oiwei dei kloane Schwester schopfa!
Ziehharmonika;Quetsche, Ziech, Zugharmonie;[quädschn, ziàch, zugharmoni:];
ziemlich;ganz schön, hübsch;[ganzsche:, hibsch];Heid bin i hibsch miad.
Zither;Krallgattern;[graigådàn];
zittrig;datterig;[dådrig];
zittrige Kurve;Kuhschwanzl;[kuà:schwànzl];
Zollstock;Meterstab;[mäddàschdab];
zornig;fuchtig, harb, zündig, fuchsig, pelzig;[[fuchdde, hà:rb, zinddig, fuxig, bäizig];
zorniger Mensch;Gifthaferl, Zornbinkel;[gifdhàfàl, zornbinggl];Mei, bist du a Gifthaferl!
Zoten reißen;Sauglocken läuten;[saugloggnlaiddn];
zu Bett bringen;ins Bett bringen;[insbeddbringà];Geh weida, i bring di ins Bett!
zu Ostern/Weihnachten;auf Ostern/Weihnachten;[auf…];
Zuchteber;Saubär;[saubä:r];
Zuchtsau;Zuchtl;[zuchdl];
Zugabe;Dreingabe, Draufgabe;[dräigab, draufgab];
zuhause;daheim;[dàhoàm];
Zuhause;Daheim;[dàhoàm];Da Finsterwalder hod a neis Dahoam in Amerkia.
Zunge;Bletschel;[blä:dschl];
zur Hand gehen;an die Hand gehen;[andhandge:];
zur Hand haben;bei der Hand haben;[baidàhand…];
zur Schule/Kirche;in die Schule/Kirche;[inddschui/kiàchà];Unsere Kinder gengan in d Schui nei, – und ned bloß zur Schui hi – drum lernas wos.
zur Seite gehen;auf die Seite gehen;[aufdsaiddnge:];
;;;
zur Türe herein;bei der Tür herein;[baidàdiàräinà];
zur Welt kommen;auf die Welt kommen;[aufdwäidkemà];Wo bist denn du auf d Welt kema?
zurechtmachen;herrichten;[heàrichddn];
zurückhalten, sich;sich halten;[håiddn];Du di fei haltn, du Zornbinkl!
zusammen;miteinander;[mi:dànandà];
zuschließen;zusperren, sperren;[zuàschbàrrn, schbàrrn];
zusehen;zuschauen;[zuàschaung];
zustoßen (etwas);passieren;[bassiàn];Des bassiert mia oiwei wieder.
zuwider sein;anzipfen, ankäsen;[o:zibbfen, o:kà:sn];De Fernsehwerbung kaast mi o!
Zwei, die;Zweier, der;[zwoàrà];
zweifach;zwiefach;[zwi:fach];
Zweige (Nadelbaum);Daxen;[dàxn];
Zwiebel, die;Zwiebel, der;[zwi:fe];
Zwischenmahlzeit;Brotzeit;[bro:zaid];
reizbar, empfindlich;afig;;
alleine, ohne fremde Hilfe;alloa,alloanigs;;
einmal, später einmal, irgendwann;amoi;;
anders;anderst, anderster;;
Ente;Anten, Antn;;
rückwärts;aschling;;
Sich zurecht machen.;Aufbrezeln;;
Sich wichtig machen.;Aufmandeln;;
Bairischer Ausdruck für eine Blase. Zum Beispiel ein Hautbläschen.;Blodan;;
Nachttopf;Botschamperl;;
Auf der Brennsuppn dahergschwumma sei. = Schwer von Begriff sein. Ein einfach gestrickter Typ sein.;Brennsuppn;;
Bub, Junge;Bua;;
Arschkriecher;Chefzapferl;;
zerdrücken, zerquetschen;dabatzn;;
verhöhnen, veräppeln;dablecka;;
entsetzt, fassungslos, verschreckt;dadadert;;
Ausreichend Luft haben.;daschnaufa;;
entwenden, stehlen, klauen;dachen;;
begreifen, etwas verstehen oder erahnen;dagneißn;;
erschöpft, schlapp, schwächeln;dahaut;;
lenken können;daloatn;;
tätscheln;datscheln;;
Faden in die Nadel einfädeln. Wird benutzt wenn jemand etwas eingefädelt, möglich gemacht, organisiert hat.;eifarma;;
Ausruf des Erstaunens.;eha;;
1. geschmacklos, schal, abgestanden 2. ermüdend, langweilig;fad;;
Fass;Fassl;;
Fausthandschuh;Fäustling;;
fürchten, Angst haben;fiachtn;;
ärgern, hänseln, necken, verspotten;frotzeln;;
Probleme bereiten;fuchsen;;
Unbeholfener Mensch der auch gerne unpassende Kommentare abgibt.;Gloife;;
Wäscheklammer;Gluperl;;
Greümpel;Graffe;;
Greümpel;Graffegruam;;
stehlen, klauen;grampfen;;
schüchtern;gschamig;;
schlampig;gschlampert;;
Besserwisser;Gscheithaferl;;
Geliebte, Geliebter;Gspusi;;
dick, füllig;Gwampert;;
Bayerische Grußformel.;Habe die Ehre;;
Betrüger, liederlicher Mensch, Taugenichts;Haderlump;;
1. bitter, herb (z.B. De Wangsuppn is aber hantig) 2. granitg, schlecht gelaunt, gereizt;hantig;;
armes, bedauernswertes Wesen;Hascherl;;
gehen, hinken, sich beim Gehen schwer tun;hatschen;;
heikel, brenzlig, delikat,;haarig;;
Lappen;Hodan;;
Jacke, Sakko;Joppn;;
Jährchen (A bor Jahrl gengan no);Jahrl;;
Auf die Jagd gehen.;jagern;;
Schnupfen, Schleimhautentzündung;Kadar;;
kaufen;kaffa, kaffn;;
Kalb, junges Rind;Kaibe;;
Karten spielen;karteln;;
bleich, blass;kasig;;
Kübel;Kibe, Kiwe;;
Limonade, Sprudel;Kracherl;;
leer, ohne Inhalt;laar;;
laufen, rennen;laffn, laffa;;
1. Kleine Lampe oder Glühbirne. 2.kleines Lamm, Lämmchen;Lamperl;;
Energieloser, langweiliger oder unbeholfener Mensch;Loamsiada;;
machen, etwas tun;macha;;
mähen;mahn;;
Mädchen;Madl;;
1. Eröffnung eines gemeinsamen Essens 2. Grußformel zur Mittagszeit.;Mahlzeit;;
1. kleiner Mann, Männlein 2. männliches Tier;Mandl;;
Eine kleine Mahlzeit bzw. Häppchen von dem niemand satt wird.;Mong-Dratza;;
hintereinander, nacheinander;nachanand;;
1. äußerst, sehr 2. verrückt;narrisch;;
niemand;neamad, neamads, neamd;;
nehmen;nehma, nemma;;
jemandem mit einem Anliegen in aufdringlicher Weise in den Ohren liegen;obenzen;;
anfassen, berühren;oglanga;;
etwas anzünden;okentn;;
auf, geht's, los geht's, etwas angehen, aufbrechen;pack mas;;
kleine Pfanne, Pfännchen;Pfandl;;
Längsbalken im Dachstuhl;Pfetten;;
Akkordion, Harmonika, Ziach;Quetschen;;
besonders große Schuhe oder Füße;Quadratlatschen;;
Quasselstrippe;Quadratratschn;;
Rettich;Radi;;
Radiergummi;Ratzifummel;;
weinerliche Person;Reabeidl,;;
gierig, raffgierig, geizig;ruachad;;
kleines Anwesen;Sache, Sacherl;;
egositisch, trotzig, unverschämt;saimzigld;;
sehr, gewaltig, ungeheuer (Des is aber sakrisch laut!);sakrisch;;
feilschen, handeln;schachern;;
Getreide;Troad, Droad;;
den Fuß verstauchen bzw. umknicken;umschnackln;;
umständliche Person;Umstandskrama;;
leidenschaftlich, maßlos, zügellos (z.B. Er war unbandig bsuffa);unbandig;;
vergessen;vagessn;;
Ausdruck des Erstaunens;vareck, varreck;;
verbinden, verknüpfen;verbandeln;;
Jemand der im Bayerischen Wald wohnt.;Waitla, Waidler;;
trotzig, eigensinnig;wieselharig;;
ausrollen;woigeln;;
zäh;zaach;;
Fernrohr, Fernglas;Zuaba-Ziager;;
